video_id,search_keyword,comment_id,comment_date,username,nickname,comment_text,likes,reply_count,video_url
7680762769238478087,Hamenang,7680842913027670792,2026-09-02 14:53:36,adindawardani81,adindawardani81,team yang ini jalan smpe mana ya,0,1,https://www.tiktok.com/@mas.hamenang/video/7680762769238478087
7680762769238478087,Hamenang,7680839609634964240,2026-09-02 14:40:45,fidaertiga,ˑ 𓈒 𐔌 f¡dª  ͡꒱ ۫,tadi aku menyambut pak,5,1,https://www.tiktok.com/@mas.hamenang/video/7680762769238478087
7680762769238478087,Hamenang,7680831576171594517,2026-09-02 14:09:40,walu.cheng363,Walu Cheng,Aq tadi liyat... di karanganom..🥰🥰,0,1,https://www.tiktok.com/@mas.hamenang/video/7680762769238478087
7680762769238478087,Hamenang,7680809392896017160,2026-09-02 12:43:28,ratifa474,ぁちふぁ,ini yang tadikan,7,0,https://www.tiktok.com/@mas.hamenang/video/7680762769238478087
7680762769238478087,Hamenang,7680845405500523285,2026-09-02 15:03:23,tegaraja686,Tegaraja,tadi aku menyabut kak aku sd n 2 mayungan,0,0,https://www.tiktok.com/@mas.hamenang/video/7680762769238478087
7680762769238478087,Hamenang,7680845332821099281,2026-09-02 15:03:17,vit.702,V,Saya nunggu di sini sama murid-murid tadi mas Ham 🤭🤭,0,0,https://www.tiktok.com/@mas.hamenang/video/7680762769238478087
7680762769238478087,Hamenang,7680848797274407700,2026-09-02 15:16:25,justliel1,Justliel?,pak tadi kok ga nyamperin kita krista Gracia udah nunggu lama lama pak,0,0,https://www.tiktok.com/@mas.hamenang/video/7680762769238478087
7680762769238478087,Hamenang,7680785008395731730,2026-09-02 11:08:51,siti.utari59,siti utari,"kemarin lewat daerah Manyaran kabupaten Wonogiri, kami jadi pagar betis",2,0,https://www.tiktok.com/@mas.hamenang/video/7680762769238478087
7680762769238478087,Hamenang,7680836187276329735,2026-09-02 14:27:32,cariapanyak6,?,aku tadi ketemu pas aku drumben semangat ya kakak kakak,0,0,https://www.tiktok.com/@mas.hamenang/video/7680762769238478087
7680762769238478087,Hamenang,7680821306699023122,2026-09-02 13:29:43,hanavitakurniawan,onylnad,itu sampe sdn 2 karangan,0,0,https://www.tiktok.com/@mas.hamenang/video/7680762769238478087
7680762769238478087,Hamenang,7680835614685774593,2026-09-02 14:25:07,vitri_dps12,VIP,tadi lewat koplak andong Karanganom rame bgt👌,0,0,https://www.tiktok.com/@mas.hamenang/video/7680762769238478087
7680762769238478087,Hamenang,7680835680897729301,2026-09-02 14:25:33,shasyah329,onlysha🤪,aku jadi bagian cabang ngawen,0,0,https://www.tiktok.com/@mas.hamenang/video/7680762769238478087
7680762769238478087,Hamenang,7680840404703560466,2026-09-02 14:43:51,yoikisya2910,isya,siap Klaten sudah finish pak,0,0,https://www.tiktok.com/@mas.hamenang/video/7680762769238478087
7680762769238478087,Hamenang,7680801700235772680,2026-09-02 12:13:40,akuniniudahdiblokir0,𝓱𝓪𝓲,aku tadi juga liat,3,0,https://www.tiktok.com/@mas.hamenang/video/7680762769238478087
7680762769238478087,Hamenang,7680837038330069780,2026-09-02 14:35:15,mbah_fendi91,mbahfendi91,"2009/2010 pernah berada di posisi leader teman² SMK SWADAYA KLATEN 🥰🔥
semangat adek adek ku semua... 🔥🔥🔥",0,0,https://www.tiktok.com/@mas.hamenang/video/7680762769238478087
7680762769238478087,Hamenang,7680827147695325973,2026-09-02 13:52:34,cootaeie.plenger,cootaeie plenger,tadi aku tampil nari,0,0,https://www.tiktok.com/@mas.hamenang/video/7680762769238478087
7680762769238478087,Hamenang,7680834937616253716,2026-09-02 14:22:43,calvinprabowo,rellzz,mohon doanya utk atlet taekwondo yg berjuang di popda provinsi jawa tengah,0,0,https://www.tiktok.com/@mas.hamenang/video/7680762769238478087
7680762769238478087,Hamenang,7680831815133233927,2026-09-02 14:13:28,adinda2_11,🕷️,ini yang lewat tadi kannnnnnn😂🤣🤣😄😄😍😍😍😍😍😍😍😍,0,0,https://www.tiktok.com/@mas.hamenang/video/7680762769238478087
7680762769238478087,Hamenang,7680831780114711297,2026-09-02 14:10:16,dinar.putri75,𝓨𝓤𝓝~,td aku jugaa🤭,0,0,https://www.tiktok.com/@mas.hamenang/video/7680762769238478087
7678399199519591700,Hamenang,7678662590047224583,2026-08-27 17:52:56,hamenangofficial,Hamenang Wajar Ismoyo,Thanks bestiku sudah mampir Klaten 😎,1381,7,https://www.tiktok.com/@adhitlive/video/7678399199519591700
7678399199519591700,Hamenang,7678405271244964629,2026-08-27 01:14:21,ainayamakeup,Ainayamakeup | MUA Klaten,kok yo betah men ning klaten😭,4522,24,https://www.tiktok.com/@adhitlive/video/7678399199519591700
7678399199519591700,Hamenang,7678401569150386965,2026-08-27 00:59:52,orangpentingbgt,urbabyy🐣,Pas bali pas” an ro aku adit numpak dishub anjir😭,1732,5,https://www.tiktok.com/@adhitlive/video/7678399199519591700
7678399199519591700,Hamenang,7678549251350135572,2026-08-27 10:33:04,sitirrrah,tiramissyou,Jane ndelik nandi kok ra tau petuk adit🙏😭,212,2,https://www.tiktok.com/@adhitlive/video/7678399199519591700
7678399199519591700,Hamenang,7678477832432419591,2026-08-27 05:56:07,ma.urrrr,maura fotbar sama mas amir,hee dit neng rowo cepetan,137,7,https://www.tiktok.com/@adhitlive/video/7678399199519591700
7678399199519591700,Hamenang,7678428495215411988,2026-08-27 02:44:25,infonongkrongklaten_,infonongkrongklaten_,yaallah pengen kenalan kro mas e iki 😭,1,13,https://www.tiktok.com/@adhitlive/video/7678399199519591700
7678399199519591700,Hamenang,7678402145419346708,2026-08-27 01:02:11,.unf0rg3ttxble._,asjkhkswkawok,ra ketemu yankk💜😓😓,58,2,https://www.tiktok.com/@adhitlive/video/7678399199519591700
7678399199519591700,Hamenang,7678684759133192978,2026-08-27 19:18:47,sahabatfatimahobic,Coach Imma,kita juga bestiii yaa🤗🥰ah ramah bgt. sukses sll yaaa,7,4,https://www.tiktok.com/@adhitlive/video/7678399199519591700
7678399199519591700,Hamenang,7678399921300898578,2026-08-27 00:53:26,ervinadestrii,𝑒𝓇𝓋𝒾𝓃𝒶𝒹𝑒𝓈𝓉𝓇𝒾𝒾୨ৎ,asem neng klaten,35,3,https://www.tiktok.com/@adhitlive/video/7678399199519591700
7678399199519591700,Hamenang,7678406784387171073,2026-08-27 01:20:39,beben_ii,browngirl,adit tosdon w/bupatikuuuu😭,65,2,https://www.tiktok.com/@adhitlive/video/7678399199519591700
7678399199519591700,Hamenang,7678744170818781960,2026-08-27 23:09:15,tytoen_modiste,tytoen_modiste,Gara gara ndx aku lagi ngerti bocah iki😁,0,1,https://www.tiktok.com/@adhitlive/video/7678399199519591700
7678399199519591700,Hamenang,7678483013185880839,2026-08-27 06:16:09,aldila.aulia,Aldila Aulia,Yokkks ikii best😍,14,2,https://www.tiktok.com/@adhitlive/video/7678399199519591700
7678399199519591700,Hamenang,7678488887975543570,2026-08-27 06:38:52,hyringgggg,Ringndrashop,Grogi to dit,5,1,https://www.tiktok.com/@adhitlive/video/7678399199519591700
7571428746033466645,Hamenang,7571434157052625672,2025-11-11 18:51:41,cemcem293,Coffelatte,pak maaf saya kelepasan ngakak...😭😂,551,4,https://www.tiktok.com/@hamenangofficial/video/7571428746033466645
7571428746033466645,Hamenang,7571436145117954834,2025-11-11 18:59:20,muhammadbagas099,バッグ,pak Bupati tolong jalan jatinom di perbaiki soalnya ngga rata,6,3,https://www.tiktok.com/@hamenangofficial/video/7571428746033466645
7571428746033466645,Hamenang,7571436575399084808,2025-11-11 19:00:59,denbagus8443,denbagus,Pak Bupati yang terhormat tolong dibantu masalah ganti rugi sdn gumul 3. itu merupakan hak ahli waris. tapi selama ini tidak ada kejelasan mau dibawa kemana urusan tersebut. trmksh,143,4,https://www.tiktok.com/@hamenangofficial/video/7571428746033466645
7571428746033466645,Hamenang,7571440992865157895,2025-11-11 19:18:07,khasanahfebriani,bunda pebiaaa,video awal tadi endingnya gimana paakkkk? 😂,179,6,https://www.tiktok.com/@hamenangofficial/video/7571428746033466645
7571428746033466645,Hamenang,7571498958015660821,2025-11-11 23:03:02,igrusdianariyanti,Rusdianariyanti,pak tolong jalan kikis perbatasn klaten-sleman diperbaiko selama ini hanya di tambal membuat jalan rawan kecelakaan,2,1,https://www.tiktok.com/@hamenangofficial/video/7571428746033466645
7571428746033466645,Hamenang,7571441973296104200,2025-11-11 19:21:56,ellaajjjaaa,pr3ttyEll🌻,pak ada konser tahun baru ga pak??,2,6,https://www.tiktok.com/@hamenangofficial/video/7571428746033466645
7571428746033466645,Hamenang,7571430060247843591,2025-11-11 18:35:46,marc.elshop,Marc-elshop,pertama pak bupati☺️,0,2,https://www.tiktok.com/@hamenangofficial/video/7571428746033466645
7571428746033466645,Hamenang,7571439113217590023,2025-11-11 19:10:58,eny_utami,Eny Utami,maap aku ketawa pak 😂,11,1,https://www.tiktok.com/@hamenangofficial/video/7571428746033466645
7571428746033466645,Hamenang,7571439520395297543,2025-11-11 19:12:24,duogembull1,DuoGembull,😭maaf ngakakku ra leren iki pak,4,2,https://www.tiktok.com/@hamenangofficial/video/7571428746033466645
7571428746033466645,Hamenang,7571432551501923079,2025-11-11 18:45:22,catur.wahyuninggs,Catur Wahyuningsih,Alhamdulillah kmrin ikut mas Bupati... 🔥🔥🙏,2,0,https://www.tiktok.com/@hamenangofficial/video/7571428746033466645
7571428746033466645,Hamenang,7571605442025308946,2025-11-12 05:56:42,beyourssss2,beyourssss2,Ealah melu deg2an,0,1,https://www.tiktok.com/@hamenangofficial/video/7571428746033466645
7571428746033466645,Hamenang,7571524679569113864,2025-11-12 00:42:58,ayukla1,💌,maav pak kepencet,3,0,https://www.tiktok.com/@hamenangofficial/video/7571428746033466645
7571428746033466645,Hamenang,7571433643325031176,2025-11-11 18:49:38,kin_kay2528,R🌹,"pak tolong bantuan Talut/tanggul sungai perbatasan juwiring-karangdowo pak musim hujan sungai tanpa Talut pak, mulai mengikis tanah",10,2,https://www.tiktok.com/@hamenangofficial/video/7571428746033466645
7571428746033466645,Hamenang,7571436989787226898,2025-11-11 19:02:34,festival_candi_sojiwan,Festival Candi Sojiwan,wah keren pak dah mampir ke sojiwan🥰,2,0,https://www.tiktok.com/@hamenangofficial/video/7571428746033466645
7571428746033466645,Hamenang,7571440883578553106,2025-11-11 19:17:44,tiarawdya_,Tiara Widya,Pak Bupati Klaten sudah ada KLFR seperti Jogja blm njih ?,2,1,https://www.tiktok.com/@hamenangofficial/video/7571428746033466645
7571428746033466645,Hamenang,7626553903416656647,2026-04-09 07:44:33,nuraini79_1,Nur Aini Handayani,pak hamenang memang bpk klaten sing joss tenang memasyarakat,0,0,https://www.tiktok.com/@hamenangofficial/video/7571428746033466645
7571428746033466645,Hamenang,7572373860009935634,2025-11-14 07:38:33,dimasss_96,pangeran santuy,"Pak Bupati yang terhormat, mau menyampaikan terkait sepanjang jalan raya Prambanan, dari arah Jogja ke Klaten. Alangkah baiknya lampunya diberi penerangan yang terang pak agar memudahkan para pengendara. Terima kasih Bapak Bupati.",0,0,https://www.tiktok.com/@hamenangofficial/video/7571428746033466645
7571428746033466645,Hamenang,7571492204700648210,2025-11-11 22:36:50,username09100365,username09100365,pakk maap yaa tak guyuu 😭🙏🏼,4,0,https://www.tiktok.com/@hamenangofficial/video/7571428746033466645
7571428746033466645,Hamenang,7571589032201159442,2025-11-12 04:52:56,ester.mekani.nugr,Ester Mekani Nugraheni,🥰🥰 wah kerenn mas bupati klaten kerenn smg sukses tugasnya.salam hormat sy guru smp n 2 prambanan klaten,2,0,https://www.tiktok.com/@hamenangofficial/video/7571428746033466645
7571428746033466645,Hamenang,7599157771673600775,2026-01-25 11:53:25,busri6775,ani,keren 👍👍👍,0,0,https://www.tiktok.com/@hamenangofficial/video/7571428746033466645
7576995535719058708,Hamenang,7577296364553454344,2025-11-27 14:00:02,rinduecuteindo,Rinduecute Indo,kita selisih sethn lho mas...tp sampeyan wis sukses sedangkn aqu cm irt byk anak 😭..,12,2,https://www.tiktok.com/@hamenangofficial/video/7576995535719058708
7576995535719058708,Hamenang,7577011946709320469,2025-11-26 19:37:57,srilestarilestari26,srilestarilesta33,"selamat ultah pak semoga sukses slalu,berkah barokah, rejeki lancar",2,0,https://www.tiktok.com/@hamenangofficial/video/7576995535719058708
7576995535719058708,Hamenang,7577210518679831317,2025-11-27 08:29:24,user3298653800304,Wulan,"pibesde mas Hamenang bupatiku panjang umur, sehat selalu, sukses memimpin Klaten tercinta, senantiasa dalam berkat Tuhan",2,0,https://www.tiktok.com/@hamenangofficial/video/7576995535719058708
7576995535719058708,Hamenang,7577046608145531656,2025-11-26 21:50:49,arkanandr1,arkana@ndr1,"SUGENG AMBAL WARSA BAPAK HAMENANG, BUPATI KLATEN BERSINAR",2,0,https://www.tiktok.com/@hamenangofficial/video/7576995535719058708
7576995535719058708,Hamenang,7577009820713992981,2025-11-26 19:28:03,yuser9028788453033,@yati 2973,"HBD pak bupati ,semoga tambah sukses memimpin kabupaten klaten🤲",1,0,https://www.tiktok.com/@hamenangofficial/video/7576995535719058708
7576995535719058708,Hamenang,7577091003446952722,2025-11-27 00:43:05,aisyahcant06,aiscant,selamat ulang tahun geh BPK bupati hamenang smga panjang umur sht slalu amin👍,1,0,https://www.tiktok.com/@hamenangofficial/video/7576995535719058708
7576995535719058708,Hamenang,7577024014217626375,2025-11-26 20:23:07,ainieee.26,ainie,selamat ulang tahunas bupati semoga tambah segalanya yang baik baik sehat selalu terus berjuang untuk klaten,1,0,https://www.tiktok.com/@hamenangofficial/video/7576995535719058708
7576995535719058708,Hamenang,7577170677314388754,2025-11-27 05:52:34,toga_olshop88,Yu'moy~88,lha ternyata tgl lahirnya sama pak sugeng ambal warso ngih pak👍👍👍,2,0,https://www.tiktok.com/@hamenangofficial/video/7576995535719058708
7576995535719058708,Hamenang,7577022075811103506,2025-11-26 20:15:32,bunda.arjuna98,Bunda Arjuna,"selamat ulangtahun mas hamenang
semoga sehat"" selalu dn di mudahkan semua urusanya 🤲🙏",2,0,https://www.tiktok.com/@hamenangofficial/video/7576995535719058708
7576995535719058708,Hamenang,7577393469686678293,2025-11-27 20:16:47,usermuseer1,-𝐞𝐥𝐥,pak besok lampu penerangan di klaten ditambahi,1,0,https://www.tiktok.com/@hamenangofficial/video/7576995535719058708
7576995535719058708,Hamenang,7577000456771371777,2025-11-26 18:51:43,suparno9000,suparno9000,"SELAMAT ULTAH BAPAK
BUPATI .HAMENANG WAJAR ISMOYO
SEHAT SLLU DAN DILANCARKAN SGLNYA SMG KLATEN SWMAKIN BERKILAU",2,0,https://www.tiktok.com/@hamenangofficial/video/7576995535719058708
7576995535719058708,Hamenang,7577054247528448786,2025-11-26 22:20:24,baby_cano,mama cano🧸,sugeng ambal warso pak bupati,1,0,https://www.tiktok.com/@hamenangofficial/video/7576995535719058708
7576995535719058708,Hamenang,7577195034114966279,2025-11-27 07:26:59,markors_21,komar khodor ali,slamat ulang tahun bapak bupati hamenang ..,2,0,https://www.tiktok.com/@hamenangofficial/video/7576995535719058708
7576995535719058708,Hamenang,7577112777032155922,2025-11-27 02:07:41,agus.kuk_kuk,🅰️GUS YUN🅰️NTO,selamat ulang tahun bos kuu,1,0,https://www.tiktok.com/@hamenangofficial/video/7576995535719058708
7576995535719058708,Hamenang,7577028794340885255,2025-11-26 20:41:41,noviauliapuspitas,𝚗𝚘𝚟𝚒,selamat ulang tahun pak bupati semua sehat sehat selalu 🫰🫰🫰,2,0,https://www.tiktok.com/@hamenangofficial/video/7576995535719058708
7576995535719058708,Hamenang,7577007290978321160,2025-11-26 19:18:15,triwuryaningsih46,triwuryaningsih46,selamat panjang umur pak bupatiku semoga klaten lebih maju dibawah pimpinan bpk,1,0,https://www.tiktok.com/@hamenangofficial/video/7576995535719058708
7576995535719058708,Hamenang,7577170749737108244,2025-11-27 05:52:54,tumi.yati53,Tumi Yati,HBD mas bupati.... sukses selalu [complacent][complacent][complacent][complacent]🎂,1,0,https://www.tiktok.com/@hamenangofficial/video/7576995535719058708
7576995535719058708,Hamenang,7577010551106568968,2025-11-26 19:30:54,user9138792669619,SRI LESTARI,"Sugeng ambal Warso pak🙏🙏🙏Tegal Kepatihan RT 02 RW 04,,,,🙏",1,0,https://www.tiktok.com/@hamenangofficial/video/7576995535719058708
7576995535719058708,Hamenang,7577016522377691922,2025-11-26 19:54:07,army032602,army,Sugeng ambal Warso pak semoga dikasih umur yg barokah dimudahkan segala urusannya sehat selalu ngeh pak,1,0,https://www.tiktok.com/@hamenangofficial/video/7576995535719058708
7576995535719058708,Hamenang,7577029118987764488,2025-11-26 20:42:53,mujiatiipijat,mujiatipijat,Aamiin🤲🏻👍🏻😂🥰🤗,2,0,https://www.tiktok.com/@hamenangofficial/video/7576995535719058708
7567695286814919957,Hamenang,7567703409621762823,2025-11-01 17:34:21,cristaty4,taty,bupati Klaten Ter ok sepanjang sejarah yg aku tahu,550,6,https://www.tiktok.com/@hamenangofficial/video/7567695286814919957
7567695286814919957,Hamenang,7568004899016262418,2025-11-02 13:04:20,atikakiko0,🅰️Tℹ️K 🅰️Kℹ️K🅾️🎥,"ya Allah mbak Elsa pdhl br bbrp wkt kmrin ikut joget pas aku nyanyi,pdhl terlihat ceria berjoget tp gk tau klo menyimpan beban berat",12,9,https://www.tiktok.com/@hamenangofficial/video/7567695286814919957
7567695286814919957,Hamenang,7567703824267051784,2025-11-01 17:35:59,hs_trip_jogja,Donny Santoso,Bupati Klaten terbaik sepanjang sejarah Klaten,242,1,https://www.tiktok.com/@hamenangofficial/video/7567695286814919957
7567695286814919957,Hamenang,7567744704088982279,2025-11-01 20:14:37,mutzzsukakmu,mutzz💋🤙🤙,tetanga saya pak,9,3,https://www.tiktok.com/@hamenangofficial/video/7567695286814919957
7567695286814919957,Hamenang,7567713122200486674,2025-11-01 18:12:05,anggatenan,anakunta,"cba cek bantuan desa dpt kaga pak...sprti pkh dll..
spa tau warga yg kaya gini kaga dapet...",34,2,https://www.tiktok.com/@hamenangofficial/video/7567695286814919957
7567695286814919957,Hamenang,7567714915134866184,2025-11-01 18:19:03,kendil1284,santoso KENDIL,"bupati muda yg energik, cepat tanggap, peduli pada rakyat kecil... jossss,",152,2,https://www.tiktok.com/@hamenangofficial/video/7567695286814919957
7567695286814919957,Hamenang,7567699969642365703,2025-11-01 17:21:00,ydrz2nd,lestari,iya tdi pak camat datang ke rumahnya,4,2,https://www.tiktok.com/@hamenangofficial/video/7567695286814919957
7567695286814919957,Hamenang,7567707661652951816,2025-11-01 17:50:55,dinaya100,GENDHIS,bantu bikin BPJS PBI Pak buat anak saya,3,6,https://www.tiktok.com/@hamenangofficial/video/7567695286814919957
7567695286814919957,Hamenang,7567737771605017352,2025-11-01 19:47:45,susilo.wibowo4,UTIK.GHB,Nah baru kali ini Klaten punya Bupati yg mantap.Benar2 memikirkn warganya👍👍semngat mas Hamenang😅,66,2,https://www.tiktok.com/@hamenangofficial/video/7567695286814919957
7567695286814919957,Hamenang,7568011822021149447,2025-11-02 13:31:12,galangwaseee,Mas Wase,joss tenan bupati ku,4,1,https://www.tiktok.com/@hamenangofficial/video/7567695286814919957
7567695286814919957,Hamenang,7567722539959730952,2025-11-01 18:48:35,mbjihanku,Febriana,"bangga jadi warga Klaten di era kepemimpin bapak hamenang , bupati muda yg satset dasdes, menuju Klaten yg lebih baik, dan selalu sigap bupatiku🙏",79,1,https://www.tiktok.com/@hamenangofficial/video/7567695286814919957
7567695286814919957,Hamenang,7568013014604890898,2025-11-02 13:35:51,jackychan4461,ARYMA,Aku warga Bayat Klaten respek Karo pak bupati yang gerak cepat menjemput warganya yang terlantar di Lamongan jatim🙏🙏🙏🙏,4,2,https://www.tiktok.com/@hamenangofficial/video/7567695286814919957
7567695286814919957,Hamenang,7568387008733790984,2025-11-03 13:47:08,satrio9667,satrio,"saya asli warga Klaten cuman ini satu2nya bupati Klaten yg paling perduli KPD warganya, sepanjang masa👍👍🙏",8,1,https://www.tiktok.com/@hamenangofficial/video/7567695286814919957
7567695286814919957,Hamenang,7568384959400952596,2025-11-03 13:39:10,vitavitol73,vitavitol,tonggoku😳,0,1,https://www.tiktok.com/@hamenangofficial/video/7567695286814919957
7567695286814919957,Hamenang,7567697481598583559,2025-11-01 17:11:22,wahyu21850,wahyu85,"luar biasa mas bupati, langsung direspon dan satset tindakannnya",52,0,https://www.tiktok.com/@hamenangofficial/video/7567695286814919957
7567695286814919957,Hamenang,7567712630246195989,2025-11-01 18:10:13,adigedhe2,adigedhe,WOKKEY BUPATIKU 👍👍👍,7,1,https://www.tiktok.com/@hamenangofficial/video/7567695286814919957
7567695286814919957,Hamenang,7568314493978821383,2025-11-03 09:05:47,sitidihardjo,sitimaryanti,Bupati klaten pancen 👍👍,2,0,https://www.tiktok.com/@hamenangofficial/video/7567695286814919957
7567695286814919957,Hamenang,7567735781603721992,2025-11-01 19:39:57,desy_chan06,Scorpio🦂,bupatii ku pancenn jos jiss jiii satt settttt ❤❤❤❤,9,0,https://www.tiktok.com/@hamenangofficial/video/7567695286814919957
7567695286814919957,Hamenang,7567711357312205576,2025-11-01 18:05:14,wididofamily,Widodo family,sejarah Klaten ada bupati the best . sangat merakyat dan mau peduli sama masyarakatnya. terima kasih mas hamenang bupati Klaten.,28,0,https://www.tiktok.com/@hamenangofficial/video/7567695286814919957
7567695286814919957,Hamenang,7567760770827141906,2025-11-01 21:16:57,sudadi607_klaten,sudadi607_klaten,Trims pak Purnomo.dan pak bupati klaten. sebaiknya hutang2nya dilunasi pemkab klaten dan dimodali agar mandiri.,15,1,https://www.tiktok.com/@hamenangofficial/video/7567695286814919957
7633944272877767944,Hamenang,7634962923668357889,2026-05-01 23:35:54,inspirasi179,inspirasi,"yang saya lihat mas bup sudah berniat baik menyelrsaikan, anggaran sdh di cadangkan, tp suntikan modal dari APBD terkendala aturan.",1,3,https://www.tiktok.com/@silet.id/video/7633944272877767944
7633944272877767944,Hamenang,7634833424805397264,2026-05-01 15:13:14,endang_1962,Endang Widi Hadi,kasihan mas bup.. menjabat baru setahun.. sdh dihadapkan pd kasus seperti ini😳,1,4,https://www.tiktok.com/@silet.id/video/7633944272877767944
7633944272877767944,Hamenang,7634161831418692373,2026-04-29 19:47:09,hidayat99978,rida,mg mas bup.sll sehat.sll di lindungi Allah.tetap semangat mas.doa ku sll,2,0,https://www.tiktok.com/@silet.id/video/7633944272877767944
7633944272877767944,Hamenang,7635326631686865685,2026-05-02 23:07:07,agha.teguh,agha teguh,"Gubernur jg lama respon nya, ini kan saham terbesar provinsi, lembaga keuangan ini memang udah sejak puluhan th gak beres",0,0,https://www.tiktok.com/@silet.id/video/7633944272877767944
7633944272877767944,Hamenang,7635691582821761810,2026-05-03 22:43:15,evon.hr,evon.hr,fungsi LPS apa??,0,0,https://www.tiktok.com/@silet.id/video/7633944272877767944
7633944272877767944,Hamenang,7671264896794034945,2026-08-07 19:26:23,hariyanto34150,Hariyanto,"sing dibutuhke kui solusi ne piye duit balik mas bupati...
panjenengan dadi pemimpin harus ngasih solusi bukan teori mas..
soale iku badan usaha milik pemkab klaten. moso pemimpin ora bisa ngasih roso keamanan kenyamanan.
kui tugas pemimpin mas.",0,0,https://www.tiktok.com/@silet.id/video/7633944272877767944
7633944272877767944,Hamenang,7634711544236540679,2026-05-01 07:20:29,anesakm,Anesa KM,"Welah mas bup nasabah kie gue jaluk duite ojo mok sambung2 kambi politik mu,,",2,3,https://www.tiktok.com/@silet.id/video/7633944272877767944
7633944272877767944,Hamenang,7633974066546295572,2026-04-29 07:38:44,legosarehpramono6,Lego Sareh Pramono,"dimana goreng nya.... jika masalah politik,, bagaimana ketika APBD provinsi dan kabupaten digedok buat modal BKK....opo jenenge kui.. goreng tanpa minyak po",0,0,https://www.tiktok.com/@silet.id/video/7633944272877767944
7633944272877767944,Hamenang,7635073319037371144,2026-05-02 06:44:16,aficena,Rafif,gur wasis omongane,2,0,https://www.tiktok.com/@silet.id/video/7633944272877767944
7633944272877767944,Hamenang,7635187364067214087,2026-05-02 14:06:40,sudadi607_klaten,sudadi607_klaten,Seyogyanya uang masyarakat/penabung segera saja diberesi dikembalikan dengan istilahnya talangan ato apa bentuknya. Baru dibenahi ato diselesaikan benang kusutnya.,1,0,https://www.tiktok.com/@silet.id/video/7633944272877767944
7633944272877767944,Hamenang,7634785251164783361,2026-05-01 12:06:26,aries.7_,Mas Aris07,the gedabrus,1,0,https://www.tiktok.com/@silet.id/video/7633944272877767944
7633944272877767944,Hamenang,7634418735058780949,2026-04-30 12:24:07,sidemsidem11,sidemsidem11,"yang penting duwite nasabah iso bali pak Bupati, piye carane mesakno rakyat cilik arep nggo byar Sekolah..",2,0,https://www.tiktok.com/@silet.id/video/7633944272877767944
7633944272877767944,Hamenang,7636045347946021653,2026-05-04 21:36:14,suhardi.toha,Suhardi Toha,caramu gawe payung hukum piye,0,0,https://www.tiktok.com/@silet.id/video/7633944272877767944
7633944272877767944,Hamenang,7635849122680996628,2026-05-04 08:54:54,haidharaf,haidhar boomers,Intine ya rezim sri mulyani,0,0,https://www.tiktok.com/@silet.id/video/7633944272877767944
7633944272877767944,Hamenang,7635691047569801992,2026-05-03 22:41:07,evon.hr,evon.hr,"bkk klaten
kriminalisasi klatos
itu dulu coba diurusin..",0,0,https://www.tiktok.com/@silet.id/video/7633944272877767944
7633944272877767944,Hamenang,7635319593062400788,2026-05-02 22:39:50,anafatonah84,anafatonah84,pemimpin yg dulu juga harus diperiksa,0,0,https://www.tiktok.com/@silet.id/video/7633944272877767944
7633944272877767944,Hamenang,7634173856257229589,2026-04-29 20:33:45,user4786145058144,@bharataputra01,kenapa payung hukum nya bisa belinet lha dulu mau mendirikan apakah ijin e cuma kulo nuwun saja ???,0,0,https://www.tiktok.com/@silet.id/video/7633944272877767944
7633944272877767944,Hamenang,7634147119926395666,2026-04-29 18:49:57,onostock18,ONOstok🛒,"bank milik pemerintah daerah, jd pemerintah daerah hrs tanggungjawab",2,2,https://www.tiktok.com/@silet.id/video/7633944272877767944
7633944272877767944,Hamenang,7635230686073373460,2026-05-02 16:54:55,pakupik3,prianto saja,lha terus OJK gunanya apa itu.semua perbankan kan dibawah naungan OJK.coba tuntut OJK kok seakan lepas tanggung jawab,0,1,https://www.tiktok.com/@silet.id/video/7633944272877767944
7633944272877767944,Hamenang,7646185575121273616,2026-06-01 05:26:19,iswanti_2,iswanti_,😁😁😁,0,0,https://www.tiktok.com/@silet.id/video/7633944272877767944
7635243956246203656,Hamenang,7635261115912389384,2026-05-02 18:52:53,mtchaadepannmuu1,🕷machaalatee☆🚩,naikin gaji editor pakk😁,1166,3,https://www.tiktok.com/@hamenangofficial/video/7635243956246203656
7635243956246203656,Hamenang,7635485662893327122,2026-05-03 09:24:17,gwenwjy___,gwendolyn.,"Pak Hamenang, minta tolong jalan di depan SMP 4 diperbaiki karena berbahaya bgt kalau hujan.. 🙏",44,2,https://www.tiktok.com/@hamenangofficial/video/7635243956246203656
7635243956246203656,Hamenang,7635252786280989441,2026-05-02 18:20:36,barra_blokeees,~EBKY~€,halo pak ham aku murid yang pernah pentas angklung di rumah nya pak Ham,31,1,https://www.tiktok.com/@hamenangofficial/video/7635243956246203656
7635243956246203656,Hamenang,7635283583411061525,2026-05-02 20:20:10,taksogok42,Mas G,ada guru kuu😭😭✌️,8,2,https://www.tiktok.com/@hamenangofficial/video/7635243956246203656
7635243956246203656,Hamenang,7635276875141399304,2026-05-02 19:54:00,triothree_1,Ber 3 shop,PAAAKKKK 😭😭😭,207,0,https://www.tiktok.com/@hamenangofficial/video/7635243956246203656
7635243956246203656,Hamenang,7635339824836969217,2026-05-02 23:58:18,xenataoo,forxena,"editor nya lucu pak, jangan di gaji dulu",61,0,https://www.tiktok.com/@hamenangofficial/video/7635243956246203656
7635243956246203656,Hamenang,7635264528552428295,2026-05-02 19:06:04,usernamenya_1211,🥴🥴,mbak michell😭,11,0,https://www.tiktok.com/@hamenangofficial/video/7635243956246203656
7635243956246203656,Hamenang,7640639165226320658,2026-05-17 06:42:29,why_pumkinrabbit,♪Pumkin Rabbit☆,pak hamenang kiyowo banget,0,0,https://www.tiktok.com/@hamenangofficial/video/7635243956246203656
7635243956246203656,Hamenang,7653791342224507668,2026-06-21 17:19:35,zea_aja78,🍓𝐙𝐞𝐚𝐦𝐩𝐩_🐣,pak hamenang tau sdit muh sifa gak pak emang iya pak sekolah nya juara 2 sekolah berprestasi,0,0,https://www.tiktok.com/@hamenangofficial/video/7635243956246203656
7635243956246203656,Hamenang,7636796338575409921,2026-05-06 22:10:31,marisuulll,salonpashott,due bupati lawak bgtttt😭😭,6,0,https://www.tiktok.com/@hamenangofficial/video/7635243956246203656
7635243956246203656,Hamenang,7664256590879179528,2026-07-19 22:10:06,brrrr20122009,heisss,"pakkk,kok lucu☺️",1,0,https://www.tiktok.com/@hamenangofficial/video/7635243956246203656
7635243956246203656,Hamenang,7650451235761996552,2026-06-12 17:18:13,christylovers73,𝑺𝒕𝒂𝒓𝒔 || 𝒛𝒆𝒇𝒂,gaada aku..,0,0,https://www.tiktok.com/@hamenangofficial/video/7635243956246203656
7635243956246203656,Hamenang,7653128348781953812,2026-06-19 22:31:24,onlywixzz,_.ButterFly•,yaa allah pak imuttt bangetttt,0,0,https://www.tiktok.com/@hamenangofficial/video/7635243956246203656
7635243956246203656,Hamenang,7651989807405957895,2026-06-16 20:48:49,mail24887,gamoonstory🎀,pak hamenang sini dong pak ke SD Muhammadiyah program khusus Bayat,1,0,https://www.tiktok.com/@hamenangofficial/video/7635243956246203656
7635243956246203656,Hamenang,7635272695235625749,2026-05-02 19:37:48,emaktoak,emak toak,njenengan keren pak 🥰,6,0,https://www.tiktok.com/@hamenangofficial/video/7635243956246203656
7635243956246203656,Hamenang,7635262263553934101,2026-05-02 18:57:26,caca.sukamochi_,sabina lintang,"ohh aku nonton di alun-alun tadi pagi,hai assalamualaikum pak ham",8,0,https://www.tiktok.com/@hamenangofficial/video/7635243956246203656
7635243956246203656,Hamenang,7635348072737817351,2026-05-03 00:30:13,menghadang,astrii 🌸,HAHHAHAHA NGAKAK BGT PAK HAM😭,8,0,https://www.tiktok.com/@hamenangofficial/video/7635243956246203656
7635243956246203656,Hamenang,7644550917194400528,2026-05-27 19:42:16,katrinsurya,Katrina,"Wkwkwkwk... 🤣🤣🤣
Menyala Bupati Klaten 👍👍🔥🔥🔥",0,0,https://www.tiktok.com/@hamenangofficial/video/7635243956246203656
7635243956246203656,Hamenang,7635489593094095624,2026-05-03 09:39:32,alwanzainulmuttaq,الون زينل متق,"pak bupati tolong lampu merah ketandan yang arah rsi ke smk4 tolong lampu hijaunya di lamain soalnya ga ada 10 detik langsung merah lagi,anak sekolah banyak yang telat karena nunggu yang arah jogja solo lama yang arah rsi ke smk 4 cepat,matur suwun pak bupati mugi² sehat",5,0,https://www.tiktok.com/@hamenangofficial/video/7635243956246203656
7635243956246203656,Hamenang,7665647639904830228,2026-07-23 16:08:17,gendisdahayunares,gen★zzzzz¿™,pak aku tadi ketemu bapak di pandeyan,0,0,https://www.tiktok.com/@hamenangofficial/video/7635243956246203656
7676511503113014546,Hamenang,7676618277037376272,2026-08-22 05:41:11,user1236108006754,el,angkringan ngendi kui mas.,0,1,https://www.tiktok.com/@angkringan_bu_mantri/video/7676511503113014546
7676511503113014546,Hamenang,7677541340771894023,2026-08-24 17:21:43,atik.wuland,Atik Wuland,bukane angkringan bu mantri itu seberang depannya ada gedumg ya kak ? ini kok sawah kak ?,0,1,https://www.tiktok.com/@angkringan_bu_mantri/video/7676511503113014546
7676511503113014546,Hamenang,7676671549336847125,2026-08-22 09:06:41,yu_sri76,Yu Sri tugu tani,pundi alamate mas bup,0,2,https://www.tiktok.com/@angkringan_bu_mantri/video/7676511503113014546
7676511503113014546,Hamenang,7677589183943443220,2026-08-24 20:27:29,nursih.m,Nursih M,mas bupati memang ajur ajer ga perlu ke warung makan mewah cukup nglarisi para umkm disekitar klt br kali ini menemukan pejabat yg begitan,0,0,https://www.tiktok.com/@angkringan_bu_mantri/video/7676511503113014546
7676511503113014546,Hamenang,7679702311337378580,2026-08-30 13:10:19,trihandayani16927,hany rae,"mantabz bak Endah, laris manis..
enak, resik yo murah... barokah",0,0,https://www.tiktok.com/@angkringan_bu_mantri/video/7676511503113014546
7676511503113014546,Hamenang,7679178361638437653,2026-08-29 03:14:25,sulastri.prapto.w,Sulastri Prapto Wiyono,semoga laris manis berqah barokah,0,0,https://www.tiktok.com/@angkringan_bu_mantri/video/7676511503113014546
7676511503113014546,Hamenang,7677932493123715847,2026-08-25 18:39:35,titin_janeetaunderwear,titin_janeeta,"yg lbh keren lg, ownernya msh usia sma, dan sdh punya usaha yg melesat. hebat satria.. !! semoga bs lbh besar lg usahanya. gelo aq, janeeta gak jd msk al-atsar. qodarullah, ada nasib lain yg menanti. biidznillah..",0,0,https://www.tiktok.com/@angkringan_bu_mantri/video/7676511503113014546
7676511503113014546,Hamenang,7676902302297326356,2026-08-23 00:01:59,hahamasgapok,hahamasgapok,wah mantap pak bupati sehatselalu,0,0,https://www.tiktok.com/@angkringan_bu_mantri/video/7676511503113014546
7676511503113014546,Hamenang,7677100381025682192,2026-08-23 12:54:08,wahyutika988,wahyu tika,buka tutupjm pintennggeh,0,1,https://www.tiktok.com/@angkringan_bu_mantri/video/7676511503113014546
7676511503113014546,Hamenang,7678842237354705685,2026-08-28 05:30:07,hidayat99978,rida,jk liat mas bup klaten mkn rasa nya nikmat bgt.kpn mas bup ajak jjn soto,0,0,https://www.tiktok.com/@angkringan_bu_mantri/video/7676511503113014546
7676511503113014546,Hamenang,7676730040541971220,2026-08-22 12:53:34,agustinnabila0,Tins,eh itu ada lik Win,0,0,https://www.tiktok.com/@angkringan_bu_mantri/video/7676511503113014546
7676511503113014546,Hamenang,7678407310745944852,2026-08-27 01:22:08,ainunnurhanii,Ainun Hani,"Ternyata deket rumah bangett, baru tauuuuuuu",0,0,https://www.tiktok.com/@angkringan_bu_mantri/video/7676511503113014546
7676511503113014546,Hamenang,7676825303616717586,2026-08-22 19:03:09,kendil1284,santoso KENDIL,"waduh, gak reti yen mas bupati ksitu",0,0,https://www.tiktok.com/@angkringan_bu_mantri/video/7676511503113014546
7676511503113014546,Hamenang,7676521586949620488,2026-08-21 23:24:28,atikcebret,atikcebret,"laris manis berkah melimpah bulek
Aamiin..🥰🥰🥰",0,0,https://www.tiktok.com/@angkringan_bu_mantri/video/7676511503113014546
7676511503113014546,Hamenang,7676625512181170964,2026-08-22 06:07:59,wulanarka_27,WwulanSarie,pak lurahku🤭,0,0,https://www.tiktok.com/@angkringan_bu_mantri/video/7676511503113014546
7676511503113014546,Hamenang,7676778823383466773,2026-08-22 16:02:47,didiksurono87.12.50,Didik Surono,mantap👍,0,0,https://www.tiktok.com/@angkringan_bu_mantri/video/7676511503113014546
7676511503113014546,Hamenang,7677114076514288385,2026-08-23 13:44:00,umichasanah345,umi chasanah,pak lurahku 🤭,0,0,https://www.tiktok.com/@angkringan_bu_mantri/video/7676511503113014546
7676511503113014546,Hamenang,7676867050481189652,2026-08-22 21:45:13,jujitsu.mma.klaten,Jujitsu mma Kla,mas bupati keren,0,0,https://www.tiktok.com/@angkringan_bu_mantri/video/7676511503113014546
7676511503113014546,Hamenang,7676643231287378696,2026-08-22 07:16:40,apriyan.ndari,Apriyan Ndari,🙏🙏🙏,0,0,https://www.tiktok.com/@angkringan_bu_mantri/video/7676511503113014546
7529747020337253638,Hamenang,7544653325582484231,2025-08-31 14:48:15,sadidaaa_2,️,si gondrong ngopo jir,381,5,https://www.tiktok.com/@hamenangofficial/video/7529747020337253638
7529747020337253638,Hamenang,7529761780063421191,2025-07-22 11:41:33,nanik.sri.hartini4,Nanik Sri hartini,miftah kuwi ngpo j,393,9,https://www.tiktok.com/@hamenangofficial/video/7529747020337253638
7529747020337253638,Hamenang,7535890608453698312,2025-08-08 00:04:31,ari.wibowo826,ari wibowo,gondrong kui nyapo mlu caper ki,151,2,https://www.tiktok.com/@hamenangofficial/video/7529747020337253638
7529747020337253638,Hamenang,7530108076658541330,2025-07-23 10:05:19,buzzer.net18,STOCKinfo💢,"gimana mas Hamenang masyarakat korban koperasi KSPSB, 90M uang orang klaten ditilep pengurus koperasi",9,1,https://www.tiktok.com/@hamenangofficial/video/7529747020337253638
7529747020337253638,Hamenang,7529786045513614098,2025-07-22 13:15:39,hastomo93,Tomo93,Pak hamenang undang kades hoho buat ngasih pengalaman dan ilmu pengelolaan desa ke kades kades klaten. Biar ga di korap korup oknum aja dana desa 🙏🏻,242,7,https://www.tiktok.com/@hamenangofficial/video/7529747020337253638
7529747020337253638,Hamenang,7529756507895956232,2025-07-22 11:21:03,whyuansz,Whyuansz,terharu.. dan tak putar berkali kali.. ngapunten mas Hamenang🙏,17,4,https://www.tiktok.com/@hamenangofficial/video/7529747020337253638
7529747020337253638,Hamenang,7529915932707619592,2025-07-22 21:39:41,dksr__,Mala,"pak tolong jalan bawak menuju RSI cawas di benerin, soalnya bergelombang. lebih bahaya ga keliatan tiba-tiba nanti njlungup aja kalo malem 🙏😭",72,5,https://www.tiktok.com/@hamenangofficial/video/7529747020337253638
7529747020337253638,Hamenang,7529917947818656519,2025-07-22 21:50:05,user875996631084,rolis,segala bentuk bntuan PKH dll tolong di seleksi ulang pak karna byk salah sasaran. yg miskin Mlah gak dpt.,28,5,https://www.tiktok.com/@hamenangofficial/video/7529747020337253638
7529747020337253638,Hamenang,7530453989050712840,2025-07-24 08:27:42,zitizidiq_,zitizidiq_,"jembatan gayamprit jg sdh membahayakan,Pak Bupati",2,1,https://www.tiktok.com/@hamenangofficial/video/7529747020337253638
7529747020337253638,Hamenang,7529750431636472596,2025-07-22 10:57:31,kensyns,W_,"Klaten Keren Klaten Bersinarr 🔥🔥🔥 ,",446,0,https://www.tiktok.com/@hamenangofficial/video/7529747020337253638
7529747020337253638,Hamenang,7529831187994231559,2025-07-22 16:10:47,dewiryan,Dewi Mamih Twins,"pak ijin
tolong untuk makan GRATIS ank SD SEGERA d laksanakan
jalan rusak akibat pembangunan TOL tolong segera d benahi (sudah ada korban,tp takut bilang 🙏)",1,2,https://www.tiktok.com/@hamenangofficial/video/7529747020337253638
7529747020337253638,Hamenang,7529762896139731728,2025-07-22 11:45:58,telukajoll,𝖈𝖑𝖆𝖘𝖘 𝖘𝖎𝖝𝖇𝖊𝖊_💫,"Bpk Bupati Klaten
Saya warga klaten sekarang sudah menetap di Purbalingga Pak
16 th ga pulkam ke klaten pak
Saya lahir di Bentangan Pak
Semoga Klaten tambah bersinar 🥰🥰🥰
Teruslah bersinar Klaten ku
😍😘",27,5,https://www.tiktok.com/@hamenangofficial/video/7529747020337253638
7529747020337253638,Hamenang,7594795610127958802,2026-01-13 17:45:57,gatikpandega,Gatik Pandega,"bravo zulu Mas Bupati, sukses bersinar terus Klaten.....🔥🔥🔥🔥",0,0,https://www.tiktok.com/@hamenangofficial/video/7529747020337253638
7529747020337253638,Hamenang,7546842994759385874,2025-09-06 12:25:18,na_suka_matcha,Why Na?,Klaten bersinar ❤️‍🔥,1,0,https://www.tiktok.com/@hamenangofficial/video/7529747020337253638
7529747020337253638,Hamenang,7529806891951915784,2025-07-22 14:36:33,atjgrosir_trucukklaten,AD🤪L18R4,Suatu kebanggaan bagi kota kecil Klaten bisa jd tuan rumah se Jateng🥰,7,0,https://www.tiktok.com/@hamenangofficial/video/7529747020337253638
7529747020337253638,Hamenang,7576536041253159688,2025-11-25 12:49:39,dewcha27,DP🌹,bapak akhir tahun ada konser ngga di alun²?,0,0,https://www.tiktok.com/@hamenangofficial/video/7529747020337253638
7529747020337253638,Hamenang,7530080635945288464,2025-07-23 08:19:12,user51302224539,ujojo,pak prabowo ke klaten haru deh saya🥺,4,0,https://www.tiktok.com/@hamenangofficial/video/7529747020337253638
7529747020337253638,Hamenang,7529775215183102741,2025-07-22 12:33:40,riyadi.amir,RIYADI AMIR🇮🇩,mudah mudahan Klaten makin maju👍,2,0,https://www.tiktok.com/@hamenangofficial/video/7529747020337253638
7529747020337253638,Hamenang,7531236164368581384,2025-07-26 11:02:51,reyywikwok,￴ ￴ ￴ ￴ ￴ ￴ ￴ ￴ ￴ ￴ ￴ ￴ ￴,pak mbg pak belum merata di klaten,2,0,https://www.tiktok.com/@hamenangofficial/video/7529747020337253638
7529747020337253638,Hamenang,7529785507305194258,2025-07-22 13:13:36,sawitri_75,Sawitri,"Alhamdulillah🙏
semakin Bersinar Klaten ku ❤
sehat selalu Bapak Bupati & Wakil dan amanah",14,0,https://www.tiktok.com/@hamenangofficial/video/7529747020337253638
7538486017188269318,Hamenang,7538635068169700114,2025-08-15 09:37:58,hariyadi5995,hariyadi5995,mbak Woro widowati benarkah mbaknya Niken salindri,18,3,https://www.tiktok.com/@mas.hamenang/video/7538486017188269318
7538486017188269318,Hamenang,7538644249845121808,2025-08-15 10:10:09,virahafifah3,cancer,mba woro sopan bgt sma niken jg salaman nunduk😍,8,2,https://www.tiktok.com/@mas.hamenang/video/7538486017188269318
7538486017188269318,Hamenang,7538640091162428177,2025-08-15 09:53:53,buntetservis,BT 13,Tak Rewangi adem2 tekan Kono ndelok nikin/woro 😂😂,3,3,https://www.tiktok.com/@mas.hamenang/video/7538486017188269318
7538486017188269318,Hamenang,7538701725974545153,2025-08-15 13:53:09,nyonya.pjm.13,Nyonya Pjm🐣🇰🇷,iki ternyata bupatiku.malah ra reti aku😔😔😔,2,2,https://www.tiktok.com/@mas.hamenang/video/7538486017188269318
7538486017188269318,Hamenang,7538488236702794514,2025-08-15 00:04:36,ayoekatikas,AYOEK,dadi kelingan bupati tuban mas lindra 😭,105,0,https://www.tiktok.com/@mas.hamenang/video/7538486017188269318
7538486017188269318,Hamenang,7538570971919614737,2025-08-15 05:26:06,nurbila88,afiQahlyana,"klo sma yg di tuban brani ngerayu ya ken, kn blm pnya calon istri 🤭🤭",35,0,https://www.tiktok.com/@mas.hamenang/video/7538486017188269318
7538486017188269318,Hamenang,7538595136219431681,2025-08-15 07:00:01,user3433963503409,fiya,"hehe....
kelingan bupati tuban pastine🥰",13,0,https://www.tiktok.com/@mas.hamenang/video/7538486017188269318
7538486017188269318,Hamenang,7545842394392904466,2025-09-03 19:42:31,widyarini727,Widyarini,kapan ya ini ku ko mlh g tau pdhl tggl di tuban,1,1,https://www.tiktok.com/@mas.hamenang/video/7538486017188269318
7538486017188269318,Hamenang,7538635391927567105,2025-08-15 09:35:39,wiwik.kadarwati,Wiwik Kadarwati,waaduuh....mbak Niken ama mas Bupati Klaten...ksww ama mas Bupati Tuban iki..😅🙏 ganteng jg Bupati klaten..🤭,28,2,https://www.tiktok.com/@mas.hamenang/video/7538486017188269318
7538486017188269318,Hamenang,7538632986251625236,2025-08-15 09:26:24,husnumvphqg,husnumvphqg,Eling kangmasnya Tuban 1🤭,16,0,https://www.tiktok.com/@mas.hamenang/video/7538486017188269318
7538486017188269318,Hamenang,7538611098560365330,2025-08-15 08:01:23,lhupirumbakahando,Lhupi RH,Panggil massss donkkk 😁😁,7,0,https://www.tiktok.com/@mas.hamenang/video/7538486017188269318
7538486017188269318,Hamenang,7538611183223587592,2025-08-15 08:01:50,rahmanikaalizan,rahmanikaalfatih,salfok mbak woro pdhl usia dia lbh dewasa tp mlh dia yg nunduk cium tangn klo salim,19,0,https://www.tiktok.com/@mas.hamenang/video/7538486017188269318
7538486017188269318,Hamenang,7538529909528331016,2025-08-15 02:46:29,yayuk.suseno3,libra 69,mas bupatiku jiiiaant jos tenan ...,8,0,https://www.tiktok.com/@mas.hamenang/video/7538486017188269318
7538486017188269318,Hamenang,7540254340688413447,2025-08-19 18:18:00,shalissayuniati,shaa,pak bupati meso salting 🤣🤣🤣,0,0,https://www.tiktok.com/@mas.hamenang/video/7538486017188269318
7538486017188269318,Hamenang,7538649881244074760,2025-08-15 10:31:54,kanies1323,🥰ꦲꦏꦶꦭꦘ꦳ꦲꦶꦫꦸꦤ꧀ꦤꦶꦱ🥰,semalam ketemu langsung pak bupati takut sama pengawal e.. mau minta foto gak jadi .... 😁,4,0,https://www.tiktok.com/@mas.hamenang/video/7538486017188269318
7538486017188269318,Hamenang,7621374768118809351,2026-03-26 08:46:56,user021294568,Frida,Kren,0,0,https://www.tiktok.com/@mas.hamenang/video/7538486017188269318
7538486017188269318,Hamenang,7540692602745815824,2025-08-20 22:38:47,warsitisiti557,warsiti,klaten bersinar .klaten istimema tmpt kelahiranku jg.smg bersinar terus klaten istimewa,3,0,https://www.tiktok.com/@mas.hamenang/video/7538486017188269318
7538486017188269318,Hamenang,7669311324837708552,2026-08-02 13:05:05,pak.rt.gulangan,suraji,,0,0,https://www.tiktok.com/@mas.hamenang/video/7538486017188269318
7538486017188269318,Hamenang,7538600736122258194,2025-08-15 07:21:15,endangsusilowat953,Bunda Endiss,"Nduk cantikk...
jadi ingat mas ganteng yg di Tuban yg gk akan tergantikan oleh siapapun 🤲🤲🤲🥰🥰🥰👍👍👍🔥🔥🔥",10,0,https://www.tiktok.com/@mas.hamenang/video/7538486017188269318
7538486017188269318,Hamenang,7538787272101249800,2025-08-15 19:25:02,arya_adi_candra,Arya_Adi_Candra,Gianteng tenan Bupati ku 🤩,1,0,https://www.tiktok.com/@mas.hamenang/video/7538486017188269318
7585412814798425364,Hamenang,7585421853146579730,2025-12-19 11:31:04,soulking2704,Soul,isoh2he sing due proyek mantau malah diseneni😭,270,2,https://www.tiktok.com/@hamenangofficial/video/7585412814798425364
7585412814798425364,Hamenang,7585505415997735701,2025-12-19 16:55:23,nirmalajayateknik,Nirmala Jaya Teknik,aspal e dalan rowo ga Roto pak nek hujan banyune ngembeng,80,6,https://www.tiktok.com/@hamenangofficial/video/7585412814798425364
7585412814798425364,Hamenang,7586129306624819988,2025-12-21 09:16:26,angkringanmbahnino,angkringan Mbah nino,pasar surowono bibar dibangun sakmeniko trontone sampun lewat Malih pak nopo memang diperbolehkan,1,2,https://www.tiktok.com/@hamenangofficial/video/7585412814798425364
7585412814798425364,Hamenang,7585415419855569672,2025-12-19 11:06:05,firman55582,firrrr,perkiraannya di buka untuk umum kapan pak?,3,1,https://www.tiktok.com/@hamenangofficial/video/7585412814798425364
7585412814798425364,Hamenang,7585439185835983634,2025-12-19 12:38:20,fvckkup,A,"Taman e bubrahke wae pak, stadion minim parkiran",6,2,https://www.tiktok.com/@hamenangofficial/video/7585412814798425364
7585412814798425364,Hamenang,7585419888086254354,2025-12-19 11:23:27,ganzzzco,❗,pak tambah Tribun nya,39,2,https://www.tiktok.com/@hamenangofficial/video/7585412814798425364
7585412814798425364,Hamenang,7585539753383101202,2025-12-19 19:08:30,putri._762,Putri,Kantor damkar pak kmrn lewat belom jadi total,1,1,https://www.tiktok.com/@hamenangofficial/video/7585412814798425364
7585412814798425364,Hamenang,7587469516885607189,2025-12-24 23:57:05,wenduth_04,anand collection,"pak bikin tempat olahraga buat skater ta pak...mosok nggak punya tempat klo latihan... skaters Klaten nya menangis di pojokan... klo latihan mosok ke Jogya,solo br ada tempatnya...",1,1,https://www.tiktok.com/@hamenangofficial/video/7585412814798425364
7585412814798425364,Hamenang,7586320199155352337,2025-12-21 21:37:00,agus_feriyanto91,Agus Feriyanto,yen uwit uwitane niku dipangkas semua gimana mas bupati ben stadione resik ra okeh godong..,1,1,https://www.tiktok.com/@hamenangofficial/video/7585412814798425364
7585412814798425364,Hamenang,7585458792960623368,2025-12-19 13:54:23,farelfernanda74,FRLF,"tiang benderanya dicopot aja Pak, lebih baik punya stadion yang ukurannya kecil seperti ini tapi sudah berstandar liga 1",9,1,https://www.tiktok.com/@hamenangofficial/video/7585412814798425364
7585412814798425364,Hamenang,7586515635410895623,2025-12-22 10:15:33,trihandono480,Hans Rupidara,sayang lahan belakang Stadion tidak di beli buat pemekaran Stadion dan kendala tidak ada lahan parkir yg menadai,2,2,https://www.tiktok.com/@hamenangofficial/video/7585412814798425364
7585412814798425364,Hamenang,7586152496109781780,2025-12-21 10:46:23,knct403,꧁𝐊𝐧𝐜𝐭꧂,"gawene isoh pak, perawatane sing angel, cubo sepatu arep lewat dadak dicek, sing arep bal balan dadak nglewati jalur, yen arep jupuk bal metu dadak ngllewati jalur,gawe regulasi perawatane sisan pak,",1,1,https://www.tiktok.com/@hamenangofficial/video/7585412814798425364
7585412814798425364,Hamenang,7586310046251238161,2025-12-21 20:57:37,afiifah_0903,AFIIFAH,"udah pasti BUPATI ANTI KORUPSI soalnya saya liat mas bupati banyak perbaikan jalan,dan mengupgrade fasilitas2 warganya yg ada di klaten langsung action tanpa menunggu embleh2 waktu akhirnya zonk",3,0,https://www.tiktok.com/@hamenangofficial/video/7585412814798425364
7585412814798425364,Hamenang,7586969075834749697,2025-12-23 15:35:02,andryridhosnack,Andry Ridho Snack,iki baru bupatiku.....ora sia sia aku nyoblos tanpa uang 50rb.....mugi mugi koyo pak jokowi.....koyo pak dedi mulyadi....aamiin.,2,0,https://www.tiktok.com/@hamenangofficial/video/7585412814798425364
7585412814798425364,Hamenang,7586163771640513298,2025-12-21 11:30:05,aliansi_suporter_klaten,ALASKA KLATEN,ALL OUT🔥 #NYAWIJI,4,0,https://www.tiktok.com/@hamenangofficial/video/7585412814798425364
7585412814798425364,Hamenang,7587080506564920071,2025-12-23 22:47:29,xtfnaryz1921,𝕳𝕽𝕴𝔸ℕ𝕁𝔸𝕐🥷,gari tribun tambahan karo lampu malam wes josjis pak,2,0,https://www.tiktok.com/@hamenangofficial/video/7585412814798425364
7585412814798425364,Hamenang,7586347431950336775,2025-12-21 23:22:48,smdr4_8,𝕤𝕒𝕞𝕦𝕕𝕣𝕒_,lapangan e di gae standar fifa pak🔥,2,0,https://www.tiktok.com/@hamenangofficial/video/7585412814798425364
7585412814798425364,Hamenang,7585441186425455377,2025-12-19 12:46:02,jurnalklaten,jurnalklaten,"wah sing nyeneni Mas Bup kui py, mesti mau ra melu koordinasi 😂",1,0,https://www.tiktok.com/@hamenangofficial/video/7585412814798425364
7585412814798425364,Hamenang,7586315491033105168,2025-12-21 21:21:51,ilo.inno,ilo inno,Pak Bupati sy ya mau pak sepeda lipat biar klo plng skolah g jlan kaki menuju stasiun jg dari stasiun ke ceper k pedan jalan kaki.Amin doa terkabul🙏,1,0,https://www.tiktok.com/@hamenangofficial/video/7585412814798425364
7585412814798425364,Hamenang,7586487557530059528,2025-12-22 08:26:33,ris_hris,IG: @ris_hriss,rowo di jembar ke dalan e yo gur dinggo parkir pak malah soyo macet,1,0,https://www.tiktok.com/@hamenangofficial/video/7585412814798425364
7604372694905179400,Hamenang,7604391235884794645,2026-02-08 14:21:56,el.saelv,Elsa Elviyana,"Giliran dapet yang baik, cepet banget dipanggil",19046,59,https://www.tiktok.com/@mas.hamenang/video/7604372694905179400
7604372694905179400,Hamenang,7604691874020131592,2026-02-09 09:48:35,radenwesley,Raden Wesley,harus banget pake seragam ya??,717,71,https://www.tiktok.com/@mas.hamenang/video/7604372694905179400
7604372694905179400,Hamenang,7604475725429572372,2026-02-08 19:49:48,fafaaaaaaaa11,fa,sakit?,3579,37,https://www.tiktok.com/@mas.hamenang/video/7604372694905179400
7604372694905179400,Hamenang,7604375580821488404,2026-02-08 13:21:13,basuki.babas,Bang Babas,semoga alm mas wakil bupati klaten benny indra ardhianto.husnul khotimah,903,12,https://www.tiktok.com/@mas.hamenang/video/7604372694905179400
7604372694905179400,Hamenang,7605055386151863047,2026-02-10 09:19:11,oppahcute,NAME,mf nanya islam kah ?....tp papan nisan nya kayak salip 🥺🥺🥺...nanya loh guys,3,19,https://www.tiktok.com/@mas.hamenang/video/7604372694905179400
7604372694905179400,Hamenang,7604394577663230737,2026-02-08 14:35:07,herlinapratiwii,herlinapratiwii,"Yth mas bupati, mohon maaf tadi pagi kami lewat kantor bupati tapi tiang bendera tidak ada BENDERA BERKIBAR SETENGAH TIANG, mau sy foto tapi sudah kelewat, pergi jam 9 pulang jam 13.00 tapi tetap tidak ada pengibaran bendera.",114,29,https://www.tiktok.com/@mas.hamenang/video/7604372694905179400
7604372694905179400,Hamenang,7605276273044685586,2026-02-10 23:36:21,lay.co5,lay co,"ada apa dengan tangisan dia,,,air mata ga kluar,,curiga boleh",24,9,https://www.tiktok.com/@mas.hamenang/video/7604372694905179400
7604372694905179400,Hamenang,7604374752878986002,2026-02-08 13:18:00,r4ndom__,rizkahello everyone~!!,"sebenarnya partner yg pas 1 dari jalur politik 1 dari jalur bisnis,tapi Allah mempunyai rencana lain,tetap semangat mas Bupati teruskan apa yg sudah jenengan berdua programkan utk Klaten yg lebih baik",3539,6,https://www.tiktok.com/@mas.hamenang/video/7604372694905179400
7604372694905179400,Hamenang,7605424450321924885,2026-02-11 09:11:25,rittss23,rits,maaf Pak. air mata ga keluar itu😂,64,21,https://www.tiktok.com/@mas.hamenang/video/7604372694905179400
7604372694905179400,Hamenang,7604420756270023444,2026-02-08 16:16:38,veralibertinaturnip,Vera Li Turnip,"bukannya saat pencalonan ada tes kesehatan ya, disayangkan sekali klo ini terlambat diagnosanya.",58,35,https://www.tiktok.com/@mas.hamenang/video/7604372694905179400
7604372694905179400,Hamenang,7604473001421423367,2026-02-08 19:39:10,firman.yusuf53,Firman Yusuf,Sugeng tindak pak wabup suargi langgeng 🙏,319,0,https://www.tiktok.com/@mas.hamenang/video/7604372694905179400
7604372694905179400,Hamenang,7604418827955045140,2026-02-08 16:09:04,craftiqueiia,FLORIST KLATEN - PIPE CLEANER,sedihnya sampe sini pak🥹 selamat jalan mas wabup. semoga alm mas wakil bupati klaten benny indra ardhianto husnul khotimah. aamiin njenengan tiang sae🥹🥀,110,1,https://www.tiktok.com/@mas.hamenang/video/7604372694905179400
7604372694905179400,Hamenang,7604421074592236296,2026-02-08 16:17:45,rigel_d88,Rigel_88,"dri kecil udh full fasilitas, tapi keliatan bgt sikapnya baik dan gak kemaki, ternyta juga pintar, karirnya juga bagus, semoga meninggalnya husnul khotimah mas benny, Alfatehah",229,1,https://www.tiktok.com/@mas.hamenang/video/7604372694905179400
7604372694905179400,Hamenang,7605217640689206036,2026-02-10 19:51:17,aezwezyxieviez,Владимир Милан,"emg boleh ya, kakak beradik jd bupati dan wakilnya?",0,2,https://www.tiktok.com/@mas.hamenang/video/7604372694905179400
7604372694905179400,Hamenang,7604475732278690568,2026-02-08 19:49:46,torovia0,kliwonmenyala🔥🔥,"innalilahi wa innailaihi rojiun..
umur brpa ini,,
sprtinya msh muda,,",2,6,https://www.tiktok.com/@mas.hamenang/video/7604372694905179400
7604372694905179400,Hamenang,7604396833586594567,2026-02-08 14:43:39,xrnsznn,nsyaa,,3227,0,https://www.tiktok.com/@mas.hamenang/video/7604372694905179400
7604372694905179400,Hamenang,7605981659573748488,2026-02-12 21:13:35,joe_hatsu,🅿️🅰️🅿️ℹ️3️⃣_DivDix,maksa kali pak pakai dinas ..😁😳😳,0,1,https://www.tiktok.com/@mas.hamenang/video/7604372694905179400
7604372694905179400,Hamenang,7604428732061991687,2026-02-08 16:47:27,sweetiepie9838,sweetiepie,,283,0,https://www.tiktok.com/@mas.hamenang/video/7604372694905179400
7604372694905179400,Hamenang,7604374254011810581,2026-02-08 13:16:02,mniacaa,𝓐𝓬𝓪𝓪,Sedihnya sampe sini paak😭🥀 Al fatihah,748,3,https://www.tiktok.com/@mas.hamenang/video/7604372694905179400
7604372694905179400,Hamenang,7604470983173882632,2026-02-08 19:31:26,panggilajah_baguss,Bagusstecuu 🕊️,trkhir liat bapak😭,57,1,https://www.tiktok.com/@mas.hamenang/video/7604372694905179400
7679767170250853639,Hamenang,7679987029280047880,2026-08-31 07:32:31,404_n00tfound,404no0tfound,"pak, maaf izin menyampaikan keluhan, mohon ditindaklanjuti untuk parkir di rowo jombor (khususnya ketika weekend) bikin macet, dibikin searah atau bagaimana gt",57,3,https://www.tiktok.com/@hamenangofficial/video/7679767170250853639
7679767170250853639,Hamenang,7679999851140530962,2026-08-31 08:22:05,butternutae,tha 🐳,bismillah ultah klaten undang zhang linghe nggih pak 😂😂,7,4,https://www.tiktok.com/@hamenangofficial/video/7679767170250853639
7679767170250853639,Hamenang,7679787853693436679,2026-08-30 18:39:16,fauzy1995,R. Fauzy,"mas bupati kita kawal sampai menjadi Gubernur Provinsi Jawa Tengah, Aamiin 🤲",40,0,https://www.tiktok.com/@hamenangofficial/video/7679767170250853639
7679767170250853639,Hamenang,7679813689536709394,2026-08-30 20:19:32,apajaah,apaajaaaa,Kinerja bupati kita top bgt🫶🫶,19,0,https://www.tiktok.com/@hamenangofficial/video/7679767170250853639
7679767170250853639,Hamenang,7679853142695101201,2026-08-30 22:52:52,lilissundari123,"hi,i'm Lily",naikan gaji editor,26,0,https://www.tiktok.com/@hamenangofficial/video/7679767170250853639
7679767170250853639,Hamenang,7680832421880939284,2026-09-02 14:12:47,dedepurnama214,데데 뿔노모 🇰🇷,"investasi industri,?????,kalau dengan management perusahaan perusahaan saat ini ,ruwet .salam buruh",0,0,https://www.tiktok.com/@hamenangofficial/video/7679767170250853639
7679767170250853639,Hamenang,7679878420494779156,2026-08-31 00:30:48,taufikhidayah8045,Taufik Hidayah Reseller,"Klaten Keren Go to Internasional , Mantap Mas Bupati 👍",5,0,https://www.tiktok.com/@hamenangofficial/video/7679767170250853639
7679767170250853639,Hamenang,7680845173815935752,2026-09-02 15:02:22,lusiyahope,lusiyahope,banyak sing ngajak ngobrol ning fa mudheng 😭,0,0,https://www.tiktok.com/@hamenangofficial/video/7679767170250853639
7679767170250853639,Hamenang,7679780339543278343,2026-08-30 18:10:08,o.r.v.i.n.user1313134,𝗢𝗡𝗟𝗬𝗩𝗜𝗡☄️,editor ada ada saja😭,10,0,https://www.tiktok.com/@hamenangofficial/video/7679767170250853639
7679767170250853639,Hamenang,7679782766267810581,2026-08-30 18:19:42,arka_zian,Roro Jonggrang,josjis bupatine Klaten,3,0,https://www.tiktok.com/@hamenangofficial/video/7679767170250853639
7679767170250853639,Hamenang,7679824431149613845,2026-08-30 21:01:16,avr1ll4,oca,editor e cahhh😭,3,0,https://www.tiktok.com/@hamenangofficial/video/7679767170250853639
7679767170250853639,Hamenang,7680548291204924180,2026-09-01 19:50:11,zaaatgar,ʙᴀɴɢ ᴀʀᴇᴢ,editor nya asik,0,0,https://www.tiktok.com/@hamenangofficial/video/7679767170250853639
7679767170250853639,Hamenang,7679799634139464455,2026-08-30 19:25:04,gofarismail263,GOFAR,Naikan gaji editor 🔥🔥,7,0,https://www.tiktok.com/@hamenangofficial/video/7679767170250853639
7679767170250853639,Hamenang,7680131757429605140,2026-08-31 16:53:56,javanese.people7,✨,Mabar ml yuk pak,1,0,https://www.tiktok.com/@hamenangofficial/video/7679767170250853639
7679767170250853639,Hamenang,7680700524450480897,2026-09-02 05:41:08,_onlysatyy,ʙɪᴍᴀ,pak kenapa klaten tidak bolh peknek ke Bali pak,0,0,https://www.tiktok.com/@hamenangofficial/video/7679767170250853639
7679767170250853639,Hamenang,7679864520832484103,2026-08-30 23:36:54,cliffsamsiwu_,CLIFFSAMSIWU,mending bapak yg jadi gubernur jateng pak😹,4,0,https://www.tiktok.com/@hamenangofficial/video/7679767170250853639
7679767170250853639,Hamenang,7680589635370271506,2026-09-01 22:30:37,rama_dhany8,Rama_Dhany_Soeyaningrat,spo Iki le ngedit 😭,0,0,https://www.tiktok.com/@hamenangofficial/video/7679767170250853639
7679767170250853639,Hamenang,7680414339093955349,2026-09-01 11:10:33,aancro4,AAn cokro,keluhan pak Bub tolong pasar Delaggu yg di depan SPM 1 ditertibkan parkir di jalan semau nya bikin ribet kita anter jemput anaksekolah trotoar penuh dengan lapak jualan mks perhatian nya,0,0,https://www.tiktok.com/@hamenangofficial/video/7679767170250853639
7679672529505783048,Hamenang,7679676567345578773,2026-08-30 11:27:37,andin1_ara,Ara,"paak tolong dalan deso ku pak
Bendorejo kebon bayat klaten.",17,4,https://www.tiktok.com/@hamenangofficial/video/7679672529505783048
7679672529505783048,Hamenang,7680111350547219216,2026-08-31 15:34:47,r.zal2014,?,"ya Allah pak itu desa kuu, aku ketiduran 🗿",0,0,https://www.tiktok.com/@hamenangofficial/video/7679672529505783048
7679672529505783048,Hamenang,7680200933310202642,2026-08-31 21:22:16,kaylaadena016,•~Kayy~•,Kapan yaaa bisa nyanyi depan pak bupati lagi? (pas pak hamenang jadi ketua DPR),0,0,https://www.tiktok.com/@hamenangofficial/video/7679672529505783048
7679672529505783048,Hamenang,7679826654823056149,2026-08-30 21:09:58,wahyuhafiidhanant,ananta25 _well,pak topi temen saya hilang pas nyanyi kemarin di gaden 😂😂,0,0,https://www.tiktok.com/@hamenangofficial/video/7679672529505783048
7679672529505783048,Hamenang,7679937213766124308,2026-08-31 04:19:18,gege_perkasa,Traveling Online,"pak sekali kali ngopi santai pak di alun2 bareng anak anak ojol😁,saya ojol tangerang yg merantau ke klaten",0,0,https://www.tiktok.com/@hamenangofficial/video/7679672529505783048
7679672529505783048,Hamenang,7679730607933293320,2026-08-30 14:57:14,anomaliyanggantengg,PaNgGiLaJaFjR💤💦,Minggu pagi karnaval pak sama soto pagi di Tanjungan Wedi klaten,0,0,https://www.tiktok.com/@hamenangofficial/video/7679672529505783048
7679672529505783048,Hamenang,7679674657503249159,2026-08-30 11:20:14,masgaruda88,Mas Garuda,Bupatiku Duta Soto Indonesia,3,0,https://www.tiktok.com/@hamenangofficial/video/7679672529505783048
7679672529505783048,Hamenang,7679812287449154312,2026-08-30 20:14:11,imut3237,zulfia shanum🩷,sehat sll mas Bup,1,0,https://www.tiktok.com/@hamenangofficial/video/7679672529505783048
7679672529505783048,Hamenang,7679849542837650184,2026-08-30 22:38:41,zy_yyya,.,Bayat gatau ono ngeneki🤣,0,0,https://www.tiktok.com/@hamenangofficial/video/7679672529505783048
7679672529505783048,Hamenang,7679673674460480277,2026-08-30 11:20:54,utik.n.n.k,nuu~~,haloo pak hamenang,4,0,https://www.tiktok.com/@hamenangofficial/video/7679672529505783048
7679672529505783048,Hamenang,7679769556579730193,2026-08-30 17:28:21,az35526,az,gaden Ki Lo jos pak🤭🤭,0,0,https://www.tiktok.com/@hamenangofficial/video/7679672529505783048
7679672529505783048,Hamenang,7679721067964121877,2026-08-30 14:20:23,rahan4373,HNZZSKUYY!!,"Monggo pinarak wonten Pucang srebegan Klaten pak,wonten acara yang diadakan untuk memeriahkan hari kemerdekaan
menawi njenengan mriko saget meramaikan acara pak🙏",0,0,https://www.tiktok.com/@hamenangofficial/video/7679672529505783048
7679672529505783048,Hamenang,7679801584848012053,2026-08-30 19:32:41,nurmaharani293,Maharani,2 THN saya ga mudik skg kampung halaman ku maju pesat ya pak,0,0,https://www.tiktok.com/@hamenangofficial/video/7679672529505783048
7679672529505783048,Hamenang,7679692084153467656,2026-08-30 12:27:53,zakss.songs,🇬🇧🇬🇧,janagan lupa mapir di smp 1 trucuk mas🙏,1,0,https://www.tiktok.com/@hamenangofficial/video/7679672529505783048
7679672529505783048,Hamenang,7679673803567268616,2026-08-30 11:16:43,bentorambu,Bento,Melu pak....drung maem niki,1,0,https://www.tiktok.com/@hamenangofficial/video/7679672529505783048
7679672529505783048,Hamenang,7679722501681840917,2026-08-30 14:25:49,pitaa21_,littlebutterfly_🦋,gaden lo kihh🔥,0,0,https://www.tiktok.com/@hamenangofficial/video/7679672529505783048
7679672529505783048,Hamenang,7679673085742105364,2026-08-30 11:14:09,.dnz.style,亗 DNZ ╳ STYLE 亗,pertama pak dapet apa apk,1,0,https://www.tiktok.com/@hamenangofficial/video/7679672529505783048
7679672529505783048,Hamenang,7679674053540168465,2026-08-30 11:18:27,gondes.teran,WLDN🪼,ke 3 semoga fyp pak,1,0,https://www.tiktok.com/@hamenangofficial/video/7679672529505783048
7679672529505783048,Hamenang,7679687640870748935,2026-08-30 12:10:29,yu_zhong47,Yu_zhong,pak smpean ngidul sekedik pak ten gunung gajah tolong di bantu perbaikan jalnnya udah lama rusak🙏,0,0,https://www.tiktok.com/@hamenangofficial/video/7679672529505783048
7679672529505783048,Hamenang,7679709969855677200,2026-08-30 13:37:05,agus.susilo9,Tenor Pink,semngt pak 🫡 .. bangun kabupaten klaten makin maju,0,0,https://www.tiktok.com/@hamenangofficial/video/7679672529505783048
7679260054532459783,Hamenang,7679288078117028628,2026-08-29 10:20:09,sri.lestari7913,Sri Lestari,gunane opo. bantuan yo slah sasaran. lha wong saya janda kerja gk ajeg ;bansos lewat.,59,13,https://www.tiktok.com/@hamenangofficial/video/7679260054532459783
7679260054532459783,Hamenang,7679287078836863752,2026-08-29 10:16:07,indo.i9,ind.60,"Ia desiilku jadi naik pak, pdhl blm punya rumah tpi masih numpang ortu🙏🏼",12,2,https://www.tiktok.com/@hamenangofficial/video/7679260054532459783
7679260054532459783,Hamenang,7679291840387253000,2026-08-29 10:34:41,bundanyaivanaqila,bundanyaivanaqila,"saya bln juli desil 2 sekarang naik desil 4 montor aja ngak punya,rumah masih numpang...bantuan PKH aja ngak dapat pripun pak bupati",3,2,https://www.tiktok.com/@hamenangofficial/video/7679260054532459783
7679260054532459783,Hamenang,7679273427896124180,2026-08-29 09:23:33,mb_kenez,Kenez,yg sedikit kami ragu knp tidak boleh kalau pengeluaran lebih besar drpd pemasukan padahal itu benar2 terjadi di kami masyarakat kecil .🥺 katanya tdk boleh data anomali 🥹,17,2,https://www.tiktok.com/@hamenangofficial/video/7679260054532459783
7679260054532459783,Hamenang,7679502958821524232,2026-08-30 00:13:57,antyulianto15,Ant Yulianto,"sensus g mutu
rumah mewah msuk desil 4
sedangkan orang ngos2an masuk desil 10",5,0,https://www.tiktok.com/@hamenangofficial/video/7679260054532459783
7679260054532459783,Hamenang,7679370427520942856,2026-08-29 15:39:31,satu_kata48,satu_kata,"pak desilku naik jadi 6-10, klo masalah bantuan ndak masalah yang penting bpjs tetap aktif pak",0,1,https://www.tiktok.com/@hamenangofficial/video/7679260054532459783
7679260054532459783,Hamenang,7679343646098506503,2026-08-29 13:55:39,reniaw.07,reniawatii14,"mugo wae bar sensus bukku entok bantuan pak, lansia yuswo 62thn mboten angsal PKH/sembako.. jannnn nemennn poll😭",0,1,https://www.tiktok.com/@hamenangofficial/video/7679260054532459783
7679260054532459783,Hamenang,7679423495021462293,2026-08-29 19:05:31,puputrisaja,Nata🦩,"aku didesil 6-10 padahal, omah ra due iseh numpang morotuo, sawah yo rung nduwe, sapi yo ra nduwe,",2,0,https://www.tiktok.com/@hamenangofficial/video/7679260054532459783
7679260054532459783,Hamenang,7679264068340073232,2026-08-29 08:47:25,luthfanss,luthfans,pak maksud e pelajar desil 6-10 itu gimana pak padahal belum kerja,17,0,https://www.tiktok.com/@hamenangofficial/video/7679260054532459783
7679260054532459783,Hamenang,7679668452237263634,2026-08-30 10:56:05,martinitindompol,Martinitin dompol,mbk fachrani bening cwantikkkk,0,0,https://www.tiktok.com/@hamenangofficial/video/7679260054532459783
7679260054532459783,Hamenang,7679460506659390215,2026-08-29 21:29:04,tyas1979,tyas79,"Panjenengan desil pinten pak? MasyaaAllah sy rakyat jelata, single mom, suami sdh meninggal 6 tahun lalu, desil 10. Sebenarnya sy tdk menginginkan bansos apapun, krn Alhamdulillah sampai ank sy kuliah di ITB pun dgn biaya sendiri tanpa KIPK. Tp mbok yao jangan 10, pantesnya ya 6 apa 7. Mohon realita di lapangan ini bs menjadi evaluasi. Maturnuwun sakderengipun🙏",1,0,https://www.tiktok.com/@hamenangofficial/video/7679260054532459783
7679260054532459783,Hamenang,7679451645311664904,2026-08-29 20:54:42,cieeeejustfirendsssss,Gak tau,masss tahun depann DENY CAKNAN plisss pasti bakal seruu bangetttt 🤩❤️🤍🥳#KLATEN BERSINAR,1,0,https://www.tiktok.com/@hamenangofficial/video/7679260054532459783
7679260054532459783,Hamenang,7679670343673430792,2026-08-30 11:07:10,chevikha_cwekx_endutzs,chevikha_cwekx_endutzs,di sensus.o Yoh gur Podo waeh bantuan Ra terbagi tepat sasaran,0,0,https://www.tiktok.com/@hamenangofficial/video/7679260054532459783
7679260054532459783,Hamenang,7679768617797763861,2026-08-30 17:24:45,adzkya151,Adzkya,"giliran rumah saya yang di sensus yang dirumah anak saya, jelas aja desilku naik 6-10.kok bisa sensus tanpa ada diketahui kepala keluarga susah kan.",1,0,https://www.tiktok.com/@hamenangofficial/video/7679260054532459783
7679260054532459783,Hamenang,7679447987135726357,2026-08-29 20:40:36,mbakjawa4203,mbak²JAWA,rumahku tidak disensus,0,0,https://www.tiktok.com/@hamenangofficial/video/7679260054532459783
7679260054532459783,Hamenang,7679990698830512897,2026-08-31 07:46:41,ruang.kosong2356,ruangksong,sma ada yg punya utang bukan berarti dia orang mampu ya msih punya utang diblng mampu aneh,0,0,https://www.tiktok.com/@hamenangofficial/video/7679260054532459783
7679260054532459783,Hamenang,7679408828442395400,2026-08-29 18:08:35,user49323530425486,Kitty,yg desil 10 kumpul sini 🫰🏻😍😂,0,0,https://www.tiktok.com/@hamenangofficial/video/7679260054532459783
7679260054532459783,Hamenang,7679441974851699474,2026-08-29 20:17:07,aulia.utami1811,zaaaa,"pangajuan desil lewat cek bansos dari tahun lalu setelah habis kontrak kerja ...sampai sekarang nganggur desil masih 6-10.
rumah masih numpang orang tua.
anak terancap tidak bisa pengajuan pip.
setelah d sensus jugaa masih tidak berubah.😭
solusi untuk rakyat kecil ini pak.🥹🙏",0,0,https://www.tiktok.com/@hamenangofficial/video/7679260054532459783
7679260054532459783,Hamenang,7679366184678753042,2026-08-29 15:23:10,user7204456756099,kenzie,Podo ngeluh Ng kene? ngak ngaruh samse.... intine Kabeh Ki ORA adil,0,0,https://www.tiktok.com/@hamenangofficial/video/7679260054532459783
7679260054532459783,Hamenang,7679491514640270100,2026-08-29 23:29:22,miyyu297,miyyu,ni gimana ya pak desill ibuk2 d desa saya desill nya jadi 8. pdhl sebelum nya dapat bantuan . ni kok terus GK dapat LG. dia kerja sendirian,0,0,https://www.tiktok.com/@hamenangofficial/video/7679260054532459783
7678914921752513799,Hamenang,7679012679054885640,2026-08-28 16:31:13,lmom6968,MommyL,"Boomers semua nggih pak, ga pengen yang milenial gitu pak 🫢",11,1,https://www.tiktok.com/@hamenangofficial/video/7678914921752513799
7678914921752513799,Hamenang,7679013676863603463,2026-08-28 16:35:15,soulking2704,Soul,agak kaget kenapa kadis pendidikan tiba2 ikut d geser,2,1,https://www.tiktok.com/@hamenangofficial/video/7678914921752513799
7678914921752513799,Hamenang,7678946546616828693,2026-08-28 12:14:47,kris_hw,Kris Hadi W,"Mantab untuk Kab. Klaten yang lebih maju, sejahtera dan berkelanjutan Aamiin 🤲🤲🤲",1,1,https://www.tiktok.com/@hamenangofficial/video/7678914921752513799
7678914921752513799,Hamenang,7680108971578950416,2026-08-31 15:25:22,djienmemey,silvi,"mbok jalan desa yg gelap mohon
ditingkatkan penerangannya.maturnuwun",0,0,https://www.tiktok.com/@hamenangofficial/video/7678914921752513799
7678914921752513799,Hamenang,7678921741079610128,2026-08-28 10:38:32,jeje.pelangi213,Jeje,bupati paling jos jis👍👍👍👍👍,3,0,https://www.tiktok.com/@hamenangofficial/video/7678914921752513799
7678914921752513799,Hamenang,7679239844678075157,2026-08-29 07:13:01,jujur.yukkk,JUJUR yukkk,"monggo mas bupati kalo ke jkt, ini saya mememukan SBK dr ceper alhamdulillah ngobati kangen soto klaten.
posisi rawamangun jaktim",1,0,https://www.tiktok.com/@hamenangofficial/video/7678914921752513799
7678914921752513799,Hamenang,7678971772146877202,2026-08-28 13:52:35,saputra__130499,Saputra,Kami percayakan Klaten kepadamu mas Hamenang… wE love you♥️,2,0,https://www.tiktok.com/@hamenangofficial/video/7678914921752513799
7678914921752513799,Hamenang,7679364288112689927,2026-08-29 15:15:44,idesumarno,idesumarno,kok yang blusukan juma pak bupati aja 😭,0,0,https://www.tiktok.com/@hamenangofficial/video/7678914921752513799
7678914921752513799,Hamenang,7679235593697002258,2026-08-29 06:56:38,gilardomaestro,"Solomistyfan, sewa/jual kipas",pak jalan dari kepoh ke timur arah juwiring banyak lobang mohon segera diperbaiki maturnuwun,0,0,https://www.tiktok.com/@hamenangofficial/video/7678914921752513799
7678914921752513799,Hamenang,7679062043479114517,2026-08-28 19:42:51,perahusangmaestro,Maestro Rowo Jombor,"Semoga klaten menjadi wisata yang lebih maju, semangat bu titin 😇",0,0,https://www.tiktok.com/@hamenangofficial/video/7678914921752513799
7678914921752513799,Hamenang,7678971926718513928,2026-08-28 13:53:05,duduvolley,duduvolley,"mantab sangat setuju menempatkan mbak Titin,di dinas pemuda dan olahraga,olahraga Klaten saatnya jaya",1,0,https://www.tiktok.com/@hamenangofficial/video/7678914921752513799
7678914921752513799,Hamenang,7678980869432476436,2026-08-28 14:27:57,cuteeee.18,cute76,"semoga yg dipilih benar2 memiliki kompeten, bukan sekedar......",0,0,https://www.tiktok.com/@hamenangofficial/video/7678914921752513799
7678914921752513799,Hamenang,7678934222454833940,2026-08-28 11:26:54,keenit1,Nittaa,"termasauk kk saya juga dimutasi kmarin,",1,0,https://www.tiktok.com/@hamenangofficial/video/7678914921752513799
7678914921752513799,Hamenang,7679082885718704904,2026-08-28 21:03:41,konsultasi_yuk,Bimbel Konsultasiyuk,"kadin ganti apakah kebijakan beda atau seperti yang sebelumnya, diajak 2x audiensi belum pernah datang padahal yang undang DPRD",0,0,https://www.tiktok.com/@hamenangofficial/video/7678914921752513799
7678914921752513799,Hamenang,7679346134863545105,2026-08-29 14:05:19,zeiin0424,zeiin,Untuk Bunda Titin win... Semoga Sehat senantiasa Bunda 🥰🥰🥰🥰.,0,0,https://www.tiktok.com/@hamenangofficial/video/7678914921752513799
7678914921752513799,Hamenang,7678920086548431636,2026-08-28 10:32:11,asri4784,☆A$£R¡☆,"Semoga kita semua selalu diberi kesehatan, keberkahan rezeki dan dimudahkan dalam setiap urusan..aamiin. Klaten Bersinar🥰",0,0,https://www.tiktok.com/@hamenangofficial/video/7678914921752513799
7678914921752513799,Hamenang,7679039819796660999,2026-08-28 18:16:39,fajar_satyabudi,Fajar Satyabudi,cpns kab.klaten buka formasi lagi gk pak😁,0,0,https://www.tiktok.com/@hamenangofficial/video/7678914921752513799
7678914921752513799,Hamenang,7678939779359294228,2026-08-28 11:48:33,buntarti,buntarti,"Terus lanjutkan ,terus yg lebih amanah lagi,juga lebih sukses LG untuk kedepanya,sehat selalu.aamiin💯❤️🥰",0,0,https://www.tiktok.com/@hamenangofficial/video/7678914921752513799
7678914921752513799,Hamenang,7678948676148413205,2026-08-28 12:22:58,akudidorizkygunarto,diena putiana,Mantaaaaab pakdeee Hamenaang👍,0,0,https://www.tiktok.com/@hamenangofficial/video/7678914921752513799
7678914921752513799,Hamenang,7679022923110056721,2026-08-28 17:11:02,henielfishy,Heny Hana,"Semangat pak bup, klaten Josjis semakin bersinar bersama njenengan 👍",0,0,https://www.tiktok.com/@hamenangofficial/video/7678914921752513799
7678655169587924231,Hamenang,7678659504729359120,2026-08-27 17:41:02,gigihaji218,gigihaji,terimakasih pak bupati atas hiburan buat warga Klaten. next konser nya Denny caknan atau Ajeng Febria pak 😁🙏,696,12,https://www.tiktok.com/@hamenangofficial/video/7678655169587924231
7678655169587924231,Hamenang,7678656075281122069,2026-08-27 17:27:33,angkringanduatiga,Angkringan.23,Penyetan Serba Rp.1000 Puskesmas Wedi ke barat .. payoni cah 😭🔥🔥🔥,67,26,https://www.tiktok.com/@hamenangofficial/video/7678655169587924231
7678655169587924231,Hamenang,7678677357407044368,2026-08-27 18:50:35,de_vina01,Devin Alvionita Sapu,"adakan konser ndx lagi sama Denny caknan , aftershine berbayar gpp mas bup , di lapangan dodiklatpur aja yg luas 😁",147,19,https://www.tiktok.com/@hamenangofficial/video/7678655169587924231
7678655169587924231,Hamenang,7678665066409952021,2026-08-27 18:02:30,teguh_pambudie,teguh,"Niki alun""e seng kurang gedi,opo uwong seng kakean😂. Klaten kerenn👍",233,1,https://www.tiktok.com/@hamenangofficial/video/7678655169587924231
7678655169587924231,Hamenang,7678687973206672149,2026-08-27 19:31:17,_choch.dev,_unkwn,"tulung mb"" sing motor pcx e ilang diewangi pak, tukang parkir e yo wegah tanggung jawab soale",8,8,https://www.tiktok.com/@hamenangofficial/video/7678655169587924231
7678655169587924231,Hamenang,7678655985487528725,2026-08-27 17:27:11,luthfi_aja1,🥷,besok nanggep saleho ya pak🤭🫣,38,4,https://www.tiktok.com/@hamenangofficial/video/7678655169587924231
7678655169587924231,Hamenang,7678911667744637697,2026-08-28 09:59:51,salblla_,𝓈𝒶𝓁𝓈𝒶,"mas bup saran mawon nk konser ngeten niki mesti peminat e katah, seng bakulan ampun do mlebu ten area alun-alun mesakke sek dempet”an nyedaki kompor😭 ro seng bakulan e ambruk goro” keno dempet”an wng seng meh masuk keluar",9,8,https://www.tiktok.com/@hamenangofficial/video/7678655169587924231
7678655169587924231,Hamenang,7678678404170892039,2026-08-27 18:54:10,ayu.fitria159,ayu fitria,Pak coba yg jualanya di pinggir jalan aja pak jangan di alun alunya.klo bisa ngadain konser kaya gini lg saran aja pak jangan di alun alun pak ga memadai kapasitasnya.klo bisa di stadion pak ndx konser yg bayar aja rame pak apa lg ini pak yg gratis.tapi terima kasih ya pak semalam sangat terhibur sekali sukses selalu pak.bapak juga joss jiss pak bukan cuman klaten yg keren bapak juga keren 👏👍,54,3,https://www.tiktok.com/@hamenangofficial/video/7678655169587924231
7678655169587924231,Hamenang,7678666650115113746,2026-08-27 18:08:26,sakilagustria,sakila_gustria✨,ndx lagi juga bolehh pakk 😅,26,6,https://www.tiktok.com/@hamenangofficial/video/7678655169587924231
7678655169587924231,Hamenang,7678662196343898887,2026-08-27 17:51:14,yoittt,urfavoritefangirl,akehi pintu keluar karo penjagaan mas bup. wingi arep metu we 20 padahal di tengah-tengah acara 🙏,39,1,https://www.tiktok.com/@hamenangofficial/video/7678655169587924231
7678655169587924231,Hamenang,7678693372991177493,2026-08-27 19:52:14,_pahlawandevisa,Youngcrew~,Kapan for revenge pak?,14,2,https://www.tiktok.com/@hamenangofficial/video/7678655169587924231
7678655169587924231,Hamenang,7678657319794934536,2026-08-27 17:32:22,_febrinaannisa,Febby💋,Menyala masbup 🔥,2,1,https://www.tiktok.com/@hamenangofficial/video/7678655169587924231
7678655169587924231,Hamenang,7678659068492677909,2026-08-27 17:39:12,hhaalluuuu02,haluu05,jos jis pak tpi aku enk mburi dwe ra ketok,10,1,https://www.tiktok.com/@hamenangofficial/video/7678655169587924231
7678655169587924231,Hamenang,7680262386843370261,2026-09-01 01:20:57,loveee_light,Cahaya Cinta 🌟,iki sopo yo wingi suarane enak nganggo hoodie ireng nyekel lemineral dinggo mic,1,0,https://www.tiktok.com/@hamenangofficial/video/7678655169587924231
7678655169587924231,Hamenang,7678705007626126101,2026-08-27 20:37:24,nur.muslikah.cu,AmiLeo,"jaluk request pak bupati KONSER REBELLION ROSE DAN NDX AKA ....lagu indo dan Jawa bergoyang...
berbayar rpp pak bup",8,1,https://www.tiktok.com/@hamenangofficial/video/7678655169587924231
7678655169587924231,Hamenang,7678703957670298386,2026-08-27 20:33:21,farrr524,onlyfarr🪼,next ajeng febria sama lavoraa pakkkkk😁,4,1,https://www.tiktok.com/@hamenangofficial/video/7678655169587924231
7678655169587924231,Hamenang,7680359009878967061,2026-09-01 07:36:04,ta.4ri_,TR🧚🏻,"lg ngerti iki bupati klaten, ternyata masih muda😊",0,0,https://www.tiktok.com/@hamenangofficial/video/7678655169587924231
7678655169587924231,Hamenang,7680838709315339016,2026-09-02 14:37:14,onlyysipaa7,Sipaa ,"Pakkk nexttt ajenggg febriaa, kalo ga DC ajaa",0,0,https://www.tiktok.com/@hamenangofficial/video/7678655169587924231
7678655169587924231,Hamenang,7678669012872102676,2026-08-27 18:17:44,gdllztt,gdellzttܔܛܔ,bagian kno wong gelut,2,1,https://www.tiktok.com/@hamenangofficial/video/7678655169587924231
7678655169587924231,Hamenang,7678680704406651669,2026-08-27 19:03:07,r_na.93,Kak_eR,"pak besok ngundang ndarboy ya biar esot"" bareng"" 😁 sama ajeng debia😂😂😂",6,2,https://www.tiktok.com/@hamenangofficial/video/7678655169587924231
7678278762600959240,Hamenang,7678608950561391381,2026-08-27 14:24:50,deandradeandra252,nindy,selamat bu Mahani yulindha pratiwi,0,0,https://www.tiktok.com/@hamenangofficial/video/7678278762600959240
7678278762600959240,Hamenang,7678598242074510088,2026-08-27 13:43:05,ap.ya2,minah,yg milih bkn rakyat?,1,3,https://www.tiktok.com/@hamenangofficial/video/7678278762600959240
7678278762600959240,Hamenang,7678281634672722709,2026-08-26 17:14:35,erlanggayudhiss,ERLANGGA😹🫪🗿,moga moga gak korup 🗿,51,2,https://www.tiktok.com/@hamenangofficial/video/7678278762600959240
7678278762600959240,Hamenang,7678350544281731847,2026-08-26 21:41:54,antix_unix,antix Unix,jabatan bs di wariskan y pak..? bertanya dg nada dering 😳,4,2,https://www.tiktok.com/@hamenangofficial/video/7678278762600959240
7678278762600959240,Hamenang,7678291493022925575,2026-08-26 17:52:42,nofiaharimurti88,Nofia Harimurti,"alhamdulillah ya rob...smoga Mb Lindha amanah, dan bisa melanjutkan cita2 almarhum mewujudkan klaten yg lebih bersinar...aamiin 🥰🥰",33,0,https://www.tiktok.com/@hamenangofficial/video/7678278762600959240
7678278762600959240,Hamenang,7678287361742603016,2026-08-26 17:36:39,ndaskumumetttttt,𝐤𝐨𝐤𝐨𝐤𝐫𝐚𝐧 𝐦𝐚𝐬𝐢𝐬,semoga ketemu lagi pakkk,5,2,https://www.tiktok.com/@hamenangofficial/video/7678278762600959240
7678278762600959240,Hamenang,7678441194414179089,2026-08-27 03:33:40,yeny_alfianaa,yeny_alfianaa,mau bilang terimakasih semenjak bupatinya pak hamenang Klaten sekarang ngurus apa apa jadi mudah josjis pakbup,8,0,https://www.tiktok.com/@hamenangofficial/video/7678278762600959240
7678278762600959240,Hamenang,7678334805159559944,2026-08-26 20:42:38,marimanbejo195,SAMBER GELAP,Mbah Bejo sepiritual mengucapkan selamat buat mbak Linda atas terpilihnya mbak lindaSBG Wabub kabupaten Klaten utk mendampingi BPK hamenang🙏,0,0,https://www.tiktok.com/@hamenangofficial/video/7678278762600959240
7678278762600959240,Hamenang,7679834093182157584,2026-08-30 21:41:35,pristiwajinugroho5,ajin,"slamet njeh pk bupati mpun angsal calon wakil bupati semoga amanah semoga klaten tetap aman lancar dan bersinar,Aamin 🤲🤲🤲",0,0,https://www.tiktok.com/@hamenangofficial/video/7678278762600959240
7678278762600959240,Hamenang,7678279372479038228,2026-08-26 17:05:53,.dnz.style,亗 DNZ ╳ STYLE 亗,pertama pak dapet apa,0,0,https://www.tiktok.com/@hamenangofficial/video/7678278762600959240
7678278762600959240,Hamenang,7678366926843085588,2026-08-26 22:48:23,sumini8646,mini,ibu linda smoga bs menjalankan amannah ini dgn baik.Aamiin YRA.,3,0,https://www.tiktok.com/@hamenangofficial/video/7678278762600959240
7678278762600959240,Hamenang,7678307477544747796,2026-08-26 18:54:42,engic501,ismi yati,Alhamdulillah.. barokalloh Bu Linda.. insya Alloh Amanah ..sukses dunia akhirat Aamiin 🤲🏻,0,0,https://www.tiktok.com/@hamenangofficial/video/7678278762600959240
7678278762600959240,Hamenang,7678680729327223572,2026-08-27 19:06:26,rini21475,Rini,"heran bngt ,semua anggota DPRD bisa kompak satu suara milih Linda😆",1,0,https://www.tiktok.com/@hamenangofficial/video/7678278762600959240
7678278762600959240,Hamenang,7678354876527543057,2026-08-26 21:58:42,akuadnnobos,ADFaa gokill🐉,"asikk udah ada wakilnya pak bupati
semangat terus ya pak bupp",0,0,https://www.tiktok.com/@hamenangofficial/video/7678278762600959240
7678278762600959240,Hamenang,7679049947380433684,2026-08-28 18:55:58,user60651369676065,TikR,"semoga dk korup ,,,Klaten slalu Bersinar ,,👍",0,0,https://www.tiktok.com/@hamenangofficial/video/7678278762600959240
7678278762600959240,Hamenang,7678307478665085717,2026-08-26 18:57:14,obomku,obom,"Dherek bingah Mas Bupati..
mugi mugi mba Linda bisa membantu dg maksimal... Amin",0,0,https://www.tiktok.com/@hamenangofficial/video/7678278762600959240
7678278762600959240,Hamenang,7678739352017666836,2026-08-27 22:50:42,agus14jo,Reskrim ad.1,pak jalan bulan Wonosari -> Ngreden Wonosari. belum ada penerangan kalau malap gelap,0,0,https://www.tiktok.com/@hamenangofficial/video/7678278762600959240
7678278762600959240,Hamenang,7678399172437082900,2026-08-27 00:50:35,murnihas28,murnihas_,aamiin ya Alloh..mg amanah,0,0,https://www.tiktok.com/@hamenangofficial/video/7678278762600959240
7678278762600959240,Hamenang,7679066880845841170,2026-08-28 20:01:35,alonelyhearttt,BSKFAJAR132,rumah ku deket hamenang,0,0,https://www.tiktok.com/@hamenangofficial/video/7678278762600959240
7678278762600959240,Hamenang,7678285116262810389,2026-08-26 17:28:02,kurnia_eriyawati,Kurnia_Pink98,semakin bersinar pokok e klaten tercinta kuh aku sok ben moleh klaten banyak perubahan yg lebih baik🥰🥰,3,0,https://www.tiktok.com/@hamenangofficial/video/7678278762600959240
7677971297283935495,Hamenang,7678233815193518869,2026-08-26 14:08:53,mawar_hitam008,Black🔺Matcha,keranjang kuningnya mana mas bupati,0,2,https://www.tiktok.com/@hamenangofficial/video/7677971297283935495
7677971297283935495,Hamenang,7677988853454127879,2026-08-25 22:18:20,user49323530425486,Kitty,"pengen beli aku tuh pak ,tapi aku pikir2 uang ku lebih baik buat ngelarisin UMKM dulu aja lah ... 😭",5,0,https://www.tiktok.com/@hamenangofficial/video/7677971297283935495
7677971297283935495,Hamenang,7677973065851994901,2026-08-25 21:17:04,sinduinteriorproduction,heru,gass 1,0,0,https://www.tiktok.com/@hamenangofficial/video/7677971297283935495
7677971297283935495,Hamenang,7678513395264865031,2026-08-27 08:13:59,irsyadsajama6,akun tidak ditemukan,pak aku pernah salaman sama kamu pak dialun alun deket baliho 😁,1,0,https://www.tiktok.com/@hamenangofficial/video/7677971297283935495
7677971297283935495,Hamenang,7678997461444805377,2026-08-28 15:32:13,widarsih1969,only fa,12 juta kam harga nya katanya yang beli nama nya ucop,0,0,https://www.tiktok.com/@hamenangofficial/video/7677971297283935495
7677971297283935495,Hamenang,7679110618401751816,2026-08-28 22:51:16,ekamardikasuharti,Eka,buat fans boleh dong pak...atau apresiasi buat yg lahir pada tanggal yg sama dg hari jadi Klaten atau hari kemerdekaan,0,0,https://www.tiktok.com/@hamenangofficial/video/7677971297283935495
7677971297283935495,Hamenang,7678210136876794645,2026-08-26 12:37:13,al048965,Alim Cla10,piye iki.. terusan... weee,1,0,https://www.tiktok.com/@hamenangofficial/video/7677971297283935495
7677971297283935495,Hamenang,7677979163592852242,2026-08-25 21:40:41,crazy_love2n,kina,waoww pak,0,0,https://www.tiktok.com/@hamenangofficial/video/7677971297283935495
7677971297283935495,Hamenang,7677980531862307592,2026-08-25 21:45:57,scorpions_glis,Scorpions@nik13,mau pak belinya dmn,0,0,https://www.tiktok.com/@hamenangofficial/video/7677971297283935495
7677971297283935495,Hamenang,7677981898161177364,2026-08-25 21:51:19,nuryanputra1,wijayanti,mauuu dong pak bub...belinya dimana?,0,0,https://www.tiktok.com/@hamenangofficial/video/7677971297283935495
7677971297283935495,Hamenang,7678109056373146369,2026-08-26 06:05:40,marz._8,𝙼𝚊𝚛𝚣5𝚢𝚘𝚞,ke 10 pak,0,0,https://www.tiktok.com/@hamenangofficial/video/7677971297283935495
7677971297283935495,Hamenang,7677971785178956552,2026-08-25 21:12:06,rayya.rahman6,Ray!🏊🏻‍♂️🤍🏊🏻‍♂️,1,0,0,https://www.tiktok.com/@hamenangofficial/video/7677971297283935495
7677971297283935495,Hamenang,7677985052195308308,2026-08-25 22:05:20,annhatharejhocty,annha,mau donk pak,0,0,https://www.tiktok.com/@hamenangofficial/video/7677971297283935495
7677971297283935495,Hamenang,7677981503725552405,2026-08-25 21:49:50,tigreal_tiktokkkk,yainal arifin,222.000,0,0,https://www.tiktok.com/@hamenangofficial/video/7677971297283935495
7677971297283935495,Hamenang,7677971973058249479,2026-08-25 21:12:49,carml66,CARML,2,0,0,https://www.tiktok.com/@hamenangofficial/video/7677971297283935495
7677900442151488776,Hamenang,7677929627520320263,2026-08-25 18:28:27,btb924,btb,kpn kerjone,4,8,https://www.tiktok.com/@hamenangofficial/video/7677900442151488776
7677900442151488776,Hamenang,7677908246845358866,2026-08-25 17:05:29,herigun92,heri gundol,ganti o supra pak menang mengko,94,0,https://www.tiktok.com/@hamenangofficial/video/7677900442151488776
7677900442151488776,Hamenang,7677921246973444882,2026-08-25 17:55:56,doraemon28004,BAGONG PUNAKAWAN,"yakin dibawah hamenang klaten, makin bersinar, jadi mercusuar diantara solo dan jogya",37,0,https://www.tiktok.com/@hamenangofficial/video/7677900442151488776
7677900442151488776,Hamenang,7680484568516231956,2026-09-01 15:43:03,2mgforrsllep,Andraverse.com,"@popowe: gua udah bikin 1 jam like dong😭😭
☁ 🪂 ✈ ☁ ☁
🏢__🏨_🏢🏬_🌴_🏠🏡🏠__🏥🏫__
 🌲  /🚖🚔 \🌲🌴🌳🌲
🌴  / 🚘  🚖 \🌳🌲🌲🌳
🚦 / 🚔🚘 🚔\ ︎🚏",0,0,https://www.tiktok.com/@hamenangofficial/video/7677900442151488776
7677900442151488776,Hamenang,7677981747967116053,2026-08-25 21:50:43,langitcendana,langit cendana,Balapan apa turing mas,4,0,https://www.tiktok.com/@hamenangofficial/video/7677900442151488776
7677900442151488776,Hamenang,7678689179823948552,2026-08-27 19:35:58,bacutpenak111,✌️✌️,walahh pakkkk gayeng tenan klaten sak iki,1,0,https://www.tiktok.com/@hamenangofficial/video/7677900442151488776
7677900442151488776,Hamenang,7679436379763475220,2026-08-29 19:55:26,andiad56,AkuZiapa,ditunggu CLAS mini trail 50cc 😁,0,0,https://www.tiktok.com/@hamenangofficial/video/7677900442151488776
7677900442151488776,Hamenang,7678263778207318800,2026-08-26 16:05:15,pakdeyudi31,PakdeYudi,"Mas Bupati Di Tunggu Kehadiran Panjenengan, sambang Warga Dukuh Dungus Desa Mundu Kec Tulung...Dalam Acara Bersih Desa Mreti Dukuh Tanggal 5 Malam 6 September 2026",0,0,https://www.tiktok.com/@hamenangofficial/video/7677900442151488776
7677900442151488776,Hamenang,7678228395331339029,2026-08-26 13:50:30,isawarsiyem,isawarsiyem,mantaf bupatiku ini cara mendekatkan Dengan rakyat 👍👍,0,0,https://www.tiktok.com/@hamenangofficial/video/7677900442151488776
7677900442151488776,Hamenang,7678336318669914887,2026-08-26 20:46:36,fannproject_2007,FrameByFann.,aku runu gowo Revo oleh gak pak bup,0,0,https://www.tiktok.com/@hamenangofficial/video/7677900442151488776
7677900442151488776,Hamenang,7678682155551163156,2026-08-27 19:08:43,gustamafauzi_,zi.,"event lari kolaborator dgn umbul” di klaten pak bup, rute nya dilewatkan umbul dan per cp nya di umbul” tertentu",0,0,https://www.tiktok.com/@hamenangofficial/video/7677900442151488776
7677900442151488776,Hamenang,7679651344629646088,2026-08-30 09:49:48,ns12140,Kes4y4ng4n,lha kok jiwa racing alun men pakkk 😂😂😂😂😂😂😂😂,0,0,https://www.tiktok.com/@hamenangofficial/video/7677900442151488776
7677900442151488776,Hamenang,7678139513638617863,2026-08-26 08:03:10,nadinespalspil.15,Nadine🦋,umbulke pakk😭,0,0,https://www.tiktok.com/@hamenangofficial/video/7677900442151488776
7677900442151488776,Hamenang,7678344381157802759,2026-08-26 21:17:53,tambong.horor14,user FC MOBILE,pak adakan lomba game free fire pak hamenang😅🙏,0,0,https://www.tiktok.com/@hamenangofficial/video/7677900442151488776
7677900442151488776,Hamenang,7678212539419984648,2026-08-26 12:46:25,enysupriyanti96,enysupriyanti96,BUPATI ku jiaaaan kereeeen ....seneng aku Mas Hamenang....🥰🥰🥰,0,0,https://www.tiktok.com/@hamenangofficial/video/7677900442151488776
7677900442151488776,Hamenang,7678630679017702164,2026-08-27 15:48:59,nandddjj_27,𝙍𝙚𝙮𝙣𝙖𝙣𝙙27 ,POV anak trabasan di suruh ikut grasstrack lemess,0,0,https://www.tiktok.com/@hamenangofficial/video/7677900442151488776
7677900442151488776,Hamenang,7677978594920579847,2026-08-25 21:38:28,w_bagus_n303,W Baguz N💫,cari spot Deket wisata buat sirkuit road race pak biar viral lagi,0,0,https://www.tiktok.com/@hamenangofficial/video/7677900442151488776
7677900442151488776,Hamenang,7678194330586186516,2026-08-26 11:35:43,bledukk.gandum,kitiran,jalan ke rowo jombor tolong di perlebar to bose,0,0,https://www.tiktok.com/@hamenangofficial/video/7677900442151488776
7677900442151488776,Hamenang,7678139945442558728,2026-08-26 08:04:58,night_fury696,Night_fury,touring ngaku racing ini mas 😄,0,0,https://www.tiktok.com/@hamenangofficial/video/7677900442151488776
7677900442151488776,Hamenang,7678298614846702356,2026-08-26 18:23:12,user7001227478169,pasiv0309,kok kalah pie mas bup😁,0,0,https://www.tiktok.com/@hamenangofficial/video/7677900442151488776
7677556943010925832,Hamenang,7677568929489355540,2026-08-24 19:08:49,abdi.dalem72,Abdi Dalem,"Nderek Ibu Linda,Garwanipun Almarhum🙏🙏.",21,0,https://www.tiktok.com/@hamenangofficial/video/7677556943010925832
7677556943010925832,Hamenang,7677570991070118674,2026-08-24 19:16:47,lalarania60,L&R👨‍👩‍👧‍👧,semangat bu linda,8,0,https://www.tiktok.com/@hamenangofficial/video/7677556943010925832
7677556943010925832,Hamenang,7677670603642553108,2026-08-25 01:43:30,user6816395697307,Mas bii,"siapapun yg terpilih sbg wakil bupati semoga bisa menjadi wakil yg amanah dan bisa mendampingi ms ham sampai periode jabatan selesai dg lancar dan bisa membawa klaten yg lebih maju, lebih bersinar.. 🥰",4,0,https://www.tiktok.com/@hamenangofficial/video/7677556943010925832
7677556943010925832,Hamenang,7677581066266182421,2026-08-24 19:55:57,maratusumma,maratusumma,"mba linda yang pidato, saya yg nangis",4,0,https://www.tiktok.com/@hamenangofficial/video/7677556943010925832
7677556943010925832,Hamenang,7677695996478702353,2026-08-25 03:21:59,cak_rot27,Cak Rot,ibu linda teruskan perjuangan allmarhum.dan perjuang klaten lebih maju🥰🥰,2,0,https://www.tiktok.com/@hamenangofficial/video/7677556943010925832
7677556943010925832,Hamenang,7677557702713869057,2026-08-24 18:25:17,ikanikanan__0,(AnGeL0-_-?),pertama mas,2,0,https://www.tiktok.com/@hamenangofficial/video/7677556943010925832
7677556943010925832,Hamenang,7677564921949373204,2026-08-24 18:53:21,bajdgjsjehbsk2e,mama rempong,"semangat pak
semoga semua d berikan kelancaran aamiin 🤲
smngat ibu Linda 😘😘💪💪",3,0,https://www.tiktok.com/@hamenangofficial/video/7677556943010925832
7677556943010925832,Hamenang,7677697874357158657,2026-08-25 03:29:54,mamajmenil,mamajmenil,Semangat mbak Yulinda💪💪,1,0,https://www.tiktok.com/@hamenangofficial/video/7677556943010925832
7677556943010925832,Hamenang,7677558029466534677,2026-08-24 18:26:29,junnam24,JunJun🇦🇱🚩,Semangat pak hamenang💪💪,2,0,https://www.tiktok.com/@hamenangofficial/video/7677556943010925832
7677556943010925832,Hamenang,7677563363661382408,2026-08-24 18:47:15,anna280823,Shaziaolshoppe,semangat bu lindaa,3,0,https://www.tiktok.com/@hamenangofficial/video/7677556943010925832
7677556943010925832,Hamenang,7677805374036919048,2026-08-25 10:26:21,ester.mekani.nugr,Ester Mekani Nugraheni,🥰smg sukses tugasnya mas Hamenang pilihan wakil bupati klaten kerenn,3,0,https://www.tiktok.com/@hamenangofficial/video/7677556943010925832
7677556943010925832,Hamenang,7677559548895052561,2026-08-24 18:32:49,irxvys,IR,Semangat mba lin🤗💖,3,0,https://www.tiktok.com/@hamenangofficial/video/7677556943010925832
7677556943010925832,Hamenang,7677854149971837713,2026-08-25 13:36:25,umaira_agvi,V@gmaira,apa hanya sekedar formalitas?,0,0,https://www.tiktok.com/@hamenangofficial/video/7677556943010925832
7677556943010925832,Hamenang,7677558804570358536,2026-08-24 18:29:39,aquilashopklaten_,AquilaShopKlaten_,Keren pak,0,0,https://www.tiktok.com/@hamenangofficial/video/7677556943010925832
7677556943010925832,Hamenang,7678640167989232405,2026-08-27 16:28:56,suparjo.zuhamsyah,kumis😛,Pak Bopati Klaten Bersinar Krenn,0,0,https://www.tiktok.com/@hamenangofficial/video/7677556943010925832
7677556943010925832,Hamenang,7677559130580370197,2026-08-24 18:30:49,m.t_220,Kol3er,tumben sepi pak,0,0,https://www.tiktok.com/@hamenangofficial/video/7677556943010925832
7677556943010925832,Hamenang,7677557669264524053,2026-08-24 18:25:10,oktanugroho0,OKZZ SUKA MAIN DDS,pertama,1,0,https://www.tiktok.com/@hamenangofficial/video/7677556943010925832
7677556943010925832,Hamenang,7677559389725491969,2026-08-24 18:31:45,inspirasi179,inspirasi,garwane almarhum mawon,4,0,https://www.tiktok.com/@hamenangofficial/video/7677556943010925832
7677556943010925832,Hamenang,7677631361033110280,2026-08-24 23:10:59,apriyan.ndari,Apriyan Ndari,🙏🙏🙏,0,0,https://www.tiktok.com/@hamenangofficial/video/7677556943010925832
7677472577584909586,Hamenang,7677500410731807506,2026-08-24 14:43:09,strori_anak_ff,𝟳𝟲𝗮𝗽𝗲𝗹,dalan lingkar delanggu benak no sek,1,3,https://www.tiktok.com/@hamenangofficial/video/7677472577584909586
7677472577584909586,Hamenang,7677487543500030740,2026-08-24 13:53:06,andin1_ara,Ara,"massss tolong dalan BENDOREJO, KWBIN BAYAT PAK...jaaaann dalan e ngeri banget pak😭",12,6,https://www.tiktok.com/@hamenangofficial/video/7677472577584909586
7677472577584909586,Hamenang,7680753266879546132,2026-09-02 09:05:51,elydiyahetty,Elydiya Hetty,kerenz pnya mas Bupati yg krjny sat set..das Des..Klaten makin Maju&Bersinar🙏🏼🙏🏼🙏🏼,0,0,https://www.tiktok.com/@hamenangofficial/video/7677472577584909586
7677472577584909586,Hamenang,7677868704511869703,2026-08-25 14:32:03,userf_88,xt fasz,pak dalan demangan Karangdowo nyuwun Tulung di benak ke pun rusak parah 🙏🏻,0,1,https://www.tiktok.com/@hamenangofficial/video/7677472577584909586
7677472577584909586,Hamenang,7680187292094710546,2026-08-31 20:31:44,ramdhan81737,Ramdhan,pak besok ke lapngan cawas,0,0,https://www.tiktok.com/@hamenangofficial/video/7677472577584909586
7677472577584909586,Hamenang,7677541497588646663,2026-08-24 17:22:29,azzahra_0548,_AZZPIW_💫,"pak sya mau bilang lahan yang buat event internasional motor cross Klaten kan cuma 2-3 hektar kan itu sebelah nya masih banyak lahan kosong kalo bisa itu buat lahan parkir bus pariwisata dan mobil mobil karena saat hari libur itu biasanya jalan mau ke arah barat rame dan yang mau kearah timur itu macet karena bis bis pariwisata itu macet tidak bisa ber gerak gerak tapi sedikit sedikit ,maaf jika masukan saya salah atau kurang tepat terimakasih pak 🙏🏻🙏🏻",4,0,https://www.tiktok.com/@hamenangofficial/video/7677472577584909586
7677472577584909586,Hamenang,7677473487489434389,2026-08-24 12:58:36,aldev_kinann,@łd3V¡ą.K!ɲ☆ŋ,pertama like pak,0,1,https://www.tiktok.com/@hamenangofficial/video/7677472577584909586
7677472577584909586,Hamenang,7679619137321304848,2026-08-30 07:44:58,grahito_6,Grahito_,"Permisi pak bupati,
Izin melaporkan, kondisi ruas Jalan dari Desa Gombang sampai desa Tlingsing yang juga melewati desa Pogung, kondisinya sudah cukup parah pak, terlebih dari Desa Pogung sampai desa Tlingsing, jalannya sudah bergelombang parah.
Melihat, ruas jalan ini sudah sangat ramai dilalui kendaraan yang ingin menuju arah wonogiri, sukoharjo, karangdowo, sehingga perlu adanya perbaikan ruas jalan ini pak.
Mohon untuk bisa dilakukan peremajaan ruas jalan ini.
Terima Kasih 🙏",0,0,https://www.tiktok.com/@hamenangofficial/video/7677472577584909586
7677472577584909586,Hamenang,7677822491477967637,2026-08-25 11:32:54,masdhen2410,mas dhen,Ndak kawete pak nek rangka full😁,0,0,https://www.tiktok.com/@hamenangofficial/video/7677472577584909586
7677472577584909586,Hamenang,7678970267758150407,2026-08-28 13:46:42,adi_putro1,santribolang01,"lebar total 5,5 apakah aman untuk tronton dump yg 24k....exs.jln joton - galmas repot lho pak ngapunten mohon review lagi",0,0,https://www.tiktok.com/@hamenangofficial/video/7677472577584909586
7677472577584909586,Hamenang,7679318356051460872,2026-08-29 12:17:31,enitatto,EniTattooo,"Pokoke MANTAP,,,, BAPAK BUPATI Kuh.... Sepanjang jln.Manisrenggo dalan ne di dandani kbeh.... KLATEN Maju... Sehat'2 selalu BPK.BUPATI KLATEN....🥰🥰🥰🥰👍🏻👍🏻👍🏻👍🏻🙏🏻🙏🏻",0,0,https://www.tiktok.com/@hamenangofficial/video/7677472577584909586
7677472577584909586,Hamenang,7677512526473478933,2026-08-24 15:29:58,den.stiawan,kirisky188_,pemusnahan wisata Jeglongan Sewu🗿,1,0,https://www.tiktok.com/@hamenangofficial/video/7677472577584909586
7677472577584909586,Hamenang,7677713681509860117,2026-08-25 04:30:43,rendyfbrynnn,Rendy Febriyanto,ki winggi sore ono uwong banter ko kulon jalan ke arah tugu tani nabrak tumpukan uruk njumbul piye kabare 😭,0,0,https://www.tiktok.com/@hamenangofficial/video/7677472577584909586
7677472577584909586,Hamenang,7677780110514373396,2026-08-25 08:48:23,ridone628,Rid-one,kira2 di desa branjangan kae Yo d sisake ora Yo ...mosok Ming kari sak CRIT Yo Ra d lanjutke to,0,0,https://www.tiktok.com/@hamenangofficial/video/7677472577584909586
7677472577584909586,Hamenang,7677484466222662407,2026-08-24 13:41:07,thambelina193,thambelina,"Jaman ku SMA di eceni koncoku wilayah Sleman, na Klaten mu kok dalane koyo jet coaster 😂 saiki wis glowing dan action jalan Manisrenggo arah pulang ke rumah sehat sehat mas bupati 🎉💕",0,0,https://www.tiktok.com/@hamenangofficial/video/7677472577584909586
7677472577584909586,Hamenang,7677812414888428309,2026-08-25 10:53:44,account.service_noreply,￴ ￴ ￴ ￴ ￴ ￴ ￴ ￴ ￴,katanya tahun depan,0,0,https://www.tiktok.com/@hamenangofficial/video/7677472577584909586
7677472577584909586,Hamenang,7678333817464193808,2026-08-26 20:36:55,farid.20110209,_RIdzz_,Mranggen jatinom kapan pak,0,0,https://www.tiktok.com/@hamenangofficial/video/7677472577584909586
7677472577584909586,Hamenang,7677533040487219984,2026-08-24 16:49:55,annesatoru_,anne,"Alhamdulillah semoga selalu bisa diandalkan nggeh pak, selalu mendengarkan suara wargane, ben ra dicap klaten jeglongan sewu😭",0,0,https://www.tiktok.com/@hamenangofficial/video/7677472577584909586
7677472577584909586,Hamenang,7677529118591075073,2026-08-24 16:34:25,zaqifardani,Zaqifardani🥇,Naikin gaji editor e pak 😁 editor nya jos jis,0,0,https://www.tiktok.com/@hamenangofficial/video/7677472577584909586
7677472577584909586,Hamenang,7677472767399707400,2026-08-24 13:00:47,taascu,idk.🤷🏻‍♀️,pak kmrin pas panen padi josjis banget,0,0,https://www.tiktok.com/@hamenangofficial/video/7677472577584909586
7651054214721948946,Hamenang,7651228964435034901,2026-06-14 19:36:22,ispel1705,Queenbellatrix,"Di pedan bru bbrp hri buka kok sdh ttup , blm smpt coba",12,5,https://www.tiktok.com/@hamenangofficial/video/7651054214721948946
7651054214721948946,Hamenang,7651059060657554184,2026-06-14 08:36:57,callmedevika_,Devika_,pak jadi foodfloger aja haha,100,0,https://www.tiktok.com/@hamenangofficial/video/7651054214721948946
7651054214721948946,Hamenang,7651097902748746516,2026-06-14 11:07:50,lucunya0101,lucunya0101,duuhh tante emaaaa 🤣beruntung sekaliiiiii,1,1,https://www.tiktok.com/@hamenangofficial/video/7651054214721948946
7651054214721948946,Hamenang,7651212077457720085,2026-06-14 18:30:45,mieyaya_,mie𝐘aya🍜,"ini sotonya enakkkk, wajib cobain yang belum nyobainn",4,2,https://www.tiktok.com/@hamenangofficial/video/7651054214721948946
7651054214721948946,Hamenang,7651138507796349714,2026-06-14 13:45:15,adz._kan,52🎭,di Tulung juga ada soto uhhuyyy di sebelah kiri kantor camat tulung,8,2,https://www.tiktok.com/@hamenangofficial/video/7651054214721948946
7651054214721948946,Hamenang,7651256349850927890,2026-06-14 21:22:29,haiiiagee,🅰️ngg,plis enak bngt langganan kalo lg pen soto,0,2,https://www.tiktok.com/@hamenangofficial/video/7651054214721948946
7651054214721948946,Hamenang,7651100641281229589,2026-06-14 11:18:30,ulfa_nur,ulfa_nur💫,soto pak sabar pak 😁,0,1,https://www.tiktok.com/@hamenangofficial/video/7651054214721948946
7651054214721948946,Hamenang,7651108446196122375,2026-06-14 11:48:32,cilokuniwa,LAPAK JAJAN AKUNIWA,Mampir lapak kulo pakkk,1,1,https://www.tiktok.com/@hamenangofficial/video/7651054214721948946
7651054214721948946,Hamenang,7651925799230112530,2026-06-16 16:40:19,ndaipe3,ipe,bpkku ya ampun lirik ny SAE bngt👍👍👍👍,0,1,https://www.tiktok.com/@hamenangofficial/video/7651054214721948946
7651054214721948946,Hamenang,7679762957303481096,2026-08-30 17:02:46,cah_ngganteng17,~BRR🕷️,tiap ke rumah Mbah langganan mesti😁,0,0,https://www.tiktok.com/@hamenangofficial/video/7651054214721948946
7651054214721948946,Hamenang,7651565624569479943,2026-06-15 17:22:41,zinedinezidane76,JidunEksMud.,coba soto entok dekat puskesmas bayat pak 🔥,2,2,https://www.tiktok.com/@hamenangofficial/video/7651054214721948946
7651054214721948946,Hamenang,7651132275913343764,2026-06-14 13:21:16,azizah_mzzh,azizah_mzzh,Emang bener sotonya enak apalagi sebelahnya soto uhuy ada mie ayam abimanyu enak banget best sak Polanharjo,3,0,https://www.tiktok.com/@hamenangofficial/video/7651054214721948946
7651054214721948946,Hamenang,7651236183540138769,2026-06-14 20:04:11,inisial4_r,RizqiRifandi,aku wingi bar mangan rono pak,0,0,https://www.tiktok.com/@hamenangofficial/video/7651054214721948946
7651054214721948946,Hamenang,7654009596540994311,2026-06-22 07:26:33,churniawatii,churniawatii,di karanganom jg ada soto uhuy..apkh cabang nya??,0,0,https://www.tiktok.com/@hamenangofficial/video/7651054214721948946
7651054214721948946,Hamenang,7651131225188451090,2026-06-14 13:16:57,atep7452,Narenzx',pak coba soto petir depan stasiun delanggu,0,0,https://www.tiktok.com/@hamenangofficial/video/7651054214721948946
7651054214721948946,Hamenang,7652249648485532434,2026-06-17 13:37:08,kijingklaten,kijingklaten,Soto langganan setiap pagi😊,1,0,https://www.tiktok.com/@hamenangofficial/video/7651054214721948946
7651054214721948946,Hamenang,7653890579290407698,2026-06-21 23:44:41,rsk_1236,R,aku pernah ketemu kamu pak,0,0,https://www.tiktok.com/@hamenangofficial/video/7651054214721948946
7651054214721948946,Hamenang,7668818208673284882,2026-08-01 05:11:38,nunung.dwi58,nunung dwi,di Pedan sepi tutup,0,0,https://www.tiktok.com/@hamenangofficial/video/7651054214721948946
7651054214721948946,Hamenang,7657062290335826696,2026-06-30 12:52:33,getuk.mbah.suhar.kurung,Getuk Mbah Suhar Kurung,Sotonya enak sudah pernah nyobain juga 🥰,0,0,https://www.tiktok.com/@hamenangofficial/video/7651054214721948946
7651054214721948946,Hamenang,7669020459724079893,2026-08-01 18:16:30,celtzza,★CELTZZ★,aku pernah makan disitu emang enak disitu,0,0,https://www.tiktok.com/@hamenangofficial/video/7651054214721948946
7568443499708714261,Hamenang,7568488201159344904,2025-11-03 20:19:47,erniverra,vera,"tidak layak dibantu niku pak,di sekitaran lokasi yg pak bupati datangi masih banyak ibu-ibu ataupun mbah-mbah pun sepuh masih semangat buruh begel dengan upah 500 rupiah per kilo 🙏",218,10,https://www.tiktok.com/@hamenangofficial/video/7568443499708714261
7568443499708714261,Hamenang,7568452957986915088,2025-11-03 18:03:10,alfasimbah23,⚡Mas Alfa⚡,"pak bupati jenengan bantu tiang nikuu,, mengke lak tuman malehhh Leh😁",112,11,https://www.tiktok.com/@hamenangofficial/video/7568443499708714261
7568443499708714261,Hamenang,7568448834746974996,2025-11-03 17:47:06,kynanasreenmaiza,KYNA & KAVI DAILY VLOG,sejak 2006 Stay diklaten baru 2025 ngerasain KLATEN PUNYA BUPATI,193,10,https://www.tiktok.com/@hamenangofficial/video/7568443499708714261
7568443499708714261,Hamenang,7568485720697094913,2025-11-03 20:10:10,purwatiwaskita,purwatiwaskita,nempil kok sampai 50 jt ya😭,28,2,https://www.tiktok.com/@hamenangofficial/video/7568443499708714261
7568443499708714261,Hamenang,7568445308520006418,2025-11-03 17:33:22,momyjuvela2,momyjuvela2,"waduh jebul critane gtu,,, klo cm org ruwet gtu bnyk mas bup,,",81,3,https://www.tiktok.com/@hamenangofficial/video/7568443499708714261
7568443499708714261,Hamenang,7568521565710942983,2025-11-03 22:29:17,marwahulfach,Marwah Ulfa Chotimah,"assalamualaikum pak saya punya bude beliau tinggal hidup sendiri,dan sudah lansia,tinggal nya di Pucang Klaten masa ga ada tuh sama sekali dapet bantuan, bagaimana pak ?jangan sampai bantuannya salah sasaran teruuus, mohon ditindak lanjuti, apa harus viral dulu ya pak baru dibantu",5,6,https://www.tiktok.com/@hamenangofficial/video/7568443499708714261
7568443499708714261,Hamenang,7568456623405679368,2025-11-03 18:17:15,samini755,samini755,mbok kulo jih di bantu pak..mosok tiyang tebih di bantu kulo tonggone jenengan kok boten di bantu 🙏🙏,15,18,https://www.tiktok.com/@hamenangofficial/video/7568443499708714261
7568443499708714261,Hamenang,7568770841031475975,2025-11-04 14:36:33,sarmiasih942,sarmiasih,sang suaminya yang bernama Doni.,1,1,https://www.tiktok.com/@hamenangofficial/video/7568443499708714261
7568443499708714261,Hamenang,7568485862608487186,2025-11-03 20:10:41,mutiahpuspa8,MeyMey,cukup fasilitasi mediasi mawon mas bupati 🙏 mohon maaf nek bantu melunasi takutnya banyak masyarakat yg memanfaatkan 🙏.,97,3,https://www.tiktok.com/@hamenangofficial/video/7568443499708714261
7568443499708714261,Hamenang,7568457453814727442,2025-11-03 18:20:28,thiioooo21,thiii⍤⃝oooo,bab wong ruwet jebul ..podoo tunggale 😳,20,2,https://www.tiktok.com/@hamenangofficial/video/7568443499708714261
7568443499708714261,Hamenang,7568467312850240276,2025-11-03 18:58:49,masaqmal2,📢Putune Mbh Gito🇮🇩🇯🇵,"kalo bisa bank"" plecit jangan boleh masuk kampung pak...kasian yg GK bisa bayar.dengan di iming""i pengambilan pertama",49,5,https://www.tiktok.com/@hamenangofficial/video/7568443499708714261
7568443499708714261,Hamenang,7568481177679315728,2025-11-03 19:52:38,mmuktafil,Mainan Tafil,"aku seng ketipu WO klaten wae durung dibantu pak, malah jare kui urusane polisi, udu bupati 😀",6,3,https://www.tiktok.com/@hamenangofficial/video/7568443499708714261
7568443499708714261,Hamenang,7568507591253852936,2025-11-03 21:34:59,mursid8386,mursid,"dibantu mediasi saja, jangan dibantu melunasi. orang yang berhutang wajib bertanggungjawab apa yang diperbuat.",7,1,https://www.tiktok.com/@hamenangofficial/video/7568443499708714261
7568443499708714261,Hamenang,7568464630496264981,2025-11-03 18:48:25,ciacio2022,__MamCii__,"iya mending dibantu mediasii aja biar bisa ringan nyicilnyaa...kalo dibantu dibayarinn keenakan orangnya ,semua orang banyak yg punya utang juga hehe ,betull pak bupatii dibantu mediasi aja pakk biar ada jalan tengahnya",95,5,https://www.tiktok.com/@hamenangofficial/video/7568443499708714261
7568443499708714261,Hamenang,7568469272580784916,2025-11-03 19:06:20,bblwa0,bilww,mbok kula ngeh d bntu pak,0,1,https://www.tiktok.com/@hamenangofficial/video/7568443499708714261
7568443499708714261,Hamenang,7569114164263912210,2025-11-05 12:48:56,warungsatria20,mamasatria,gak kermhnya Willy Salim saja mbak😂😂😂😂,0,1,https://www.tiktok.com/@hamenangofficial/video/7568443499708714261
7568443499708714261,Hamenang,7568507766840410888,2025-11-03 21:35:41,agungsap965,Agung Sap965,"nek nganti dibantu, nanti pasti ada yg pengen dibantu juga mas Bup.",4,3,https://www.tiktok.com/@hamenangofficial/video/7568443499708714261
7568443499708714261,Hamenang,7568472653352010514,2025-11-03 19:19:25,komariyah0332,komariyah,saudara usahakan jgn pe pinjam bank plecit ...,5,2,https://www.tiktok.com/@hamenangofficial/video/7568443499708714261
7568443499708714261,Hamenang,7568462522979369735,2025-11-03 18:40:07,ayurina013,anggaramadhan,pak.. bupati semangat Q bangga dgn pak bupati..,3,1,https://www.tiktok.com/@hamenangofficial/video/7568443499708714261
7568443499708714261,Hamenang,7568463362666988306,2025-11-03 18:43:26,user2947684174267,Kecik Wiyono,sek do duwe utang do meri njalok dibantu lho pak,2,1,https://www.tiktok.com/@hamenangofficial/video/7568443499708714261
7614794663366561031,Hamenang,7614886774008365831,2026-03-08 21:09:56,aripin3905,aripin3905,mergo aspal e elek kui pak pak. nk aspal apik jalan antar propinsi di liwat i truck puso gedi gedi y bakoh pak 😂,174,22,https://www.tiktok.com/@mas.hamenang/video/7614794663366561031
7614794663366561031,Hamenang,7614883188599325447,2026-03-08 20:56:06,adjiebhakti,adjie,jalan Jatinom pak mulai rusak,183,12,https://www.tiktok.com/@mas.hamenang/video/7614794663366561031
7614794663366561031,Hamenang,7614909655848796944,2026-03-08 22:38:54,sayokocompex,saycompex,"kualitas aspale Yo di tambai,,,,,,,,Ben awet",11,4,https://www.tiktok.com/@mas.hamenang/video/7614794663366561031
7614794663366561031,Hamenang,7614881668093084417,2026-03-08 20:50:18,putridswp,Putri Dsw,Pak di manisrenggo truknya muatan sampai mumbul mumbul pakkk,11,3,https://www.tiktok.com/@mas.hamenang/video/7614794663366561031
7614794663366561031,Hamenang,7614888744785265415,2026-03-08 21:17:36,cahayasuci325,Cahaya Suci325,jalan lapangan kalikebo sampai puskesmas trucuk pak udah mulai berlobang dalam² pak mohon segera ada perbaikan trimakasih 🙏,16,3,https://www.tiktok.com/@mas.hamenang/video/7614794663366561031
7614794663366561031,Hamenang,7614904402059412231,2026-03-08 22:18:21,audina2403,Roro Astuti,Truck besar tronon ban ban 10 bawa pasir lewat Pasar Gayanprit.. dalane remuk Mas Bupati... Piye wongmu sing ngawasi?,11,2,https://www.tiktok.com/@mas.hamenang/video/7614794663366561031
7614794663366561031,Hamenang,7614942794739090197,2026-03-09 00:47:24,hfeezzyy,𝗛𝗳𝘇,"podo karo dalan majegan-ponggok, alternatif dalan jeblog, nembe didandani aspal anyar dilewati truk gol c, padal ng ngarep gang ono rambune dilarang lwt gol C, tp ttp wae ngeyel supire",2,3,https://www.tiktok.com/@mas.hamenang/video/7614794663366561031
7614794663366561031,Hamenang,7614824980308132616,2026-03-08 17:10:11,wahyu06_01,Wahyu Miko,Jatinom pak pun koyo kali nek udan dalane 🙏🏻,45,2,https://www.tiktok.com/@mas.hamenang/video/7614794663366561031
7614794663366561031,Hamenang,7614944716451021576,2026-03-09 00:54:49,orangyangkaukenal27,😉,"sopir sopir golek pangan boss + bayar pajak Jateng mundak terus
yen ora oleh lewat bupati ne gelem po Ra ngopeni anak bojone sopir sopir 😂😂😂",4,0,https://www.tiktok.com/@mas.hamenang/video/7614794663366561031
7614794663366561031,Hamenang,7614887270978552597,2026-03-08 21:11:59,simply_lovly,ꜱᴜᴘᴇʀᴍᴀx,pak jalan karangdowo-juwiring pak katah dalan ingkang rusakk jeruu² pak bahayaa kanggee pemotorr,18,2,https://www.tiktok.com/@mas.hamenang/video/7614794663366561031
7614794663366561031,Hamenang,7614809645798097671,2026-03-08 16:10:40,user6116017061008,tien,mas bupati hamenang is the best,2,2,https://www.tiktok.com/@mas.hamenang/video/7614794663366561031
7614794663366561031,Hamenang,7614800089676186375,2026-03-08 15:33:37,animavisual.co,Anima visual,"Jonggrangan Pak, pengadilan arah mayungan",27,2,https://www.tiktok.com/@mas.hamenang/video/7614794663366561031
7614794663366561031,Hamenang,7614876175067808520,2026-03-08 20:28:47,wongbodo11,*5 Angka bukan 6( 🤚 )*✨🌙💥,Jogonalan juga pk.. 😁😁 yg arah ngering🤔tuh,29,1,https://www.tiktok.com/@mas.hamenang/video/7614794663366561031
7614794663366561031,Hamenang,7614796631712170770,2026-03-08 15:20:15,tyaa7274,imara,harus di tindak lanjuti mas Bupati 👍👍💪💪,33,0,https://www.tiktok.com/@mas.hamenang/video/7614794663366561031
7614794663366561031,Hamenang,7614923081312568080,2026-03-08 23:30:49,_butho_ruzax_,BuThO_RuzAx_#002,jalan tembus dari karang Nongko ke Kebonarum juga pak rusak padahall ada tidak untuk golongan c,3,2,https://www.tiktok.com/@mas.hamenang/video/7614794663366561031
7614794663366561031,Hamenang,7615822444037128968,2026-03-11 09:40:53,mz_ipang,Mz Ipang,"Selamat siang pak.
Mohon maaf pak minta solusinya pak ini kan saya pajekan motor di samsat klaten. Saya datang ke samsat kota klaten dan di tawarin biro jasa pajak, saya proses sama dia pak habis 2,6 jt udah 1 bulan belum jadi nomer di hubungi bisa tapi gk di angkat katanya rumahnya belakang samsat klaten pak Cahyo ( peyek).
Mohon solusinya dan bantuannya pak.
Terimakasih 🙏🏻",1,0,https://www.tiktok.com/@mas.hamenang/video/7614794663366561031
7614794663366561031,Hamenang,7615167137409991431,2026-03-09 15:18:00,hariyantokentokk,hariyantoyanto2211,"gak isooo omong AQ jaln rusak karna apa ya gak jelasssss,,,,,,,,, intinya kok trek yg di salahkann ,,",3,0,https://www.tiktok.com/@mas.hamenang/video/7614794663366561031
7614794663366561031,Hamenang,7614900784929571605,2026-03-08 22:04:25,wong.tani5362,wong gunung,"sebaiknya kwalitas jalan yg ditingkatkan, kwalitas bebanya",1,4,https://www.tiktok.com/@mas.hamenang/video/7614794663366561031
7614794663366561031,Hamenang,7614872166353486593,2026-03-08 20:13:14,abay_abangbayu,Abay,"jalan kebonarum-karangnongko arah umbul brintik sama pak ancur, gorong"" baru jadi sdh dilewati truk gol c over muatan. jalannya yg blm ditambal malah semakin parah. jalan kebonarum kaeangnongko yg melewati desa malangjiwan makin ancur pak. mohon disikapi mas bupati. salam dari masyarakat kecil",26,5,https://www.tiktok.com/@mas.hamenang/video/7614794663366561031
7614794663366561031,Hamenang,7614952243176178439,2026-03-09 01:24:08,yizheyeqiu,yizheyeqiu,"truk arah ke Solo di lampu merah karang banyak banget yg lurus, harusnya kan belok kiri tapi bnyak yg nekat, polisi jaga pun udh gk mw ngejar, krna pas dikejar & suru berhenti truk ttep jalan gk mw berhenti bhkan meremehkan polisi yg jaga",2,0,https://www.tiktok.com/@mas.hamenang/video/7614794663366561031
